query_id,user_query,language,intent,record_id,service_name,department,category,record_type,description,eligibility,benefits,documents_required,application_process,service_charge,apply_url,official_url
Q0011,இந்த First Graduate Certificate பற்றி தகவல் வேண்டும்,Tamil,information_request,REV-104,First Graduate Certificate,Revenue,Certificate,eSevai_service,,,,Not specified in the official sources reviewed,e-Sevai Centre,₹ 60,,https://tnesevai.tn.gov.in/Pages/EsevaiServiceList.aspx; https://www.tnesevai.tn.gov.in/Pages/UserManual.aspx
Q0024,Other Backward Class (OBC) Certificate ku eligibility enna?,Tanglish,eligibility_query,REV-115,Other Backward Class (OBC) Certificate,Revenue,Certificate,eSevai_service,,,,Photo; Proof of Marriage; Proof of Residence; Proof of Desertion or FIR Details; Self Declaration of Applicant,e-Sevai Centre,₹ 60,,https://tnesevai.tn.gov.in/Pages/EsevaiServiceList.aspx; https://www.tnesevai.tn.gov.in/citizen/Pages/FAQ.aspx
Q0030,What benefits are available under Residence Certificate?,English,benefit_query,REV-116,Residence Certificate,Revenue,Certificate,eSevai_service,,,,Not specified in the official sources reviewed,e-Sevai Centre,₹ 60,,https://tnesevai.tn.gov.in/Pages/EsevaiServiceList.aspx; https://www.tnesevai.tn.gov.in/Pages/UserManual.aspx
Q0032,Indira Gandhi National Old Age Pension Scheme (IGNOPS) epdi apply panradhu?,Tanglish,application_help,REV-201,Indira Gandhi National Old Age Pension Scheme (IGNOPS),Revenue,Welfare/Pension,eSevai_service,,,,Not specified in the official sources reviewed,e-Sevai Centre,₹ 10,,https://tnesevai.tn.gov.in/Pages/EsevaiServiceList.aspx
Q0044,Electricity Bill Payment ku eligibility enna?,Tanglish,eligibility_query,TEB-601,Electricity Bill Payment,TANGEDCO,Electricity,eSevai_service,,,,Not specified in the official sources reviewed,e-Sevai Centre,"₹15 up to ₹1,000; ₹25 for ₹1,001–₹3,000; ₹40 for ₹3,001–₹5,000; ₹50 for ₹5,001–₹10,000; ₹60 for ₹10,001 and above",,https://tnesevai.tn.gov.in/Pages/EsevaiServiceList.aspx
Q0050,What benefits are available under PDS Aadhaar Enrollment?,English,benefit_query,CSC-024,PDS Aadhaar Enrollment,TNEGA,PDS/Identity,eSevai_service,,,,Not specified in the official sources reviewed,e-Sevai Centre,₹ 15,,https://tnesevai.tn.gov.in/Pages/EsevaiServiceList.aspx
Q0052,Apply for New Card epdi apply panradhu?,Tanglish,application_help,PDS-501,Apply for New Card,Civil Supplies and Consumer Protection,PDS/Identity,eSevai_service,,,,Not specified in the official sources reviewed,e-Sevai Centre,₹ 60,,https://tnesevai.tn.gov.in/Pages/EsevaiServiceList.aspx
Q0059,Card Mutation ku eligibility enna?,Tanglish,eligibility_query,PDS-502,Card Mutation,Civil Supplies and Consumer Protection,PDS/Identity,eSevai_service,,,,Not specified in the official sources reviewed,e-Sevai Centre,₹ 60,,https://tnesevai.tn.gov.in/Pages/EsevaiServiceList.aspx
Q0064,Printing of Smart Card ku eligibility enna?,Tanglish,eligibility_query,PDS-504,Printing of Smart Card,Civil Supplies and Consumer Protection,PDS/Identity,eSevai_service,,,,Not specified in the official sources reviewed,e-Sevai Centre,₹ 60,,https://tnesevai.tn.gov.in/Pages/EsevaiServiceList.aspx
Q0066,இந்த CRS-Death Registration பற்றி தகவல் வேண்டும்,Tamil,information_request,DPH-101,CRS-Death Registration,Directorate of Public Health,Birth/Death Registration,eSevai_service,,,,Not specified in the official sources reviewed,e-Sevai Centre,₹ 100,,https://tnesevai.tn.gov.in/Pages/EsevaiServiceList.aspx; https://www.tnesevai.tn.gov.in/Pages/UserManual.aspx
Q0071,இந்த Printing of Birth Certificate பற்றி தகவல் வேண்டும்,Tamil,information_request,DPH-102,Printing of Birth Certificate,Directorate of Public Health,Certificate,eSevai_service,,,,Not specified in the official sources reviewed,e-Sevai Centre,₹ 100,,https://tnesevai.tn.gov.in/Pages/EsevaiServiceList.aspx; https://www.tnesevai.tn.gov.in/Pages/UserManual.aspx
Q0077,Printing of Death Certificate epdi apply panradhu?,Tanglish,application_help,DPH-103,Printing of Death Certificate,Directorate of Public Health,Certificate,eSevai_service,,,,Not specified in the official sources reviewed,e-Sevai Centre,₹ 100,,https://tnesevai.tn.gov.in/Pages/EsevaiServiceList.aspx; https://www.tnesevai.tn.gov.in/Pages/UserManual.aspx
Q0082,Printing of registration ID epdi apply panradhu?,Tanglish,application_help,EMP-502,Printing of registration ID,Employment Training,Employment,eSevai_service,,,,Not specified in the official sources reviewed,e-Sevai Centre,₹ 15,,https://tnesevai.tn.gov.in/Pages/EsevaiServiceList.aspx; https://www.tnesevai.tn.gov.in/Pages/UserManual.aspx
Q0087,Application for Renewal epdi apply panradhu?,Tanglish,application_help,EMP-504,Application for Renewal,Employment Training,Employment,eSevai_service,,,,Not specified in the official sources reviewed,e-Sevai Centre,₹ 15,,https://tnesevai.tn.gov.in/Pages/EsevaiServiceList.aspx; https://www.tnesevai.tn.gov.in/Pages/UserManual.aspx
Q0097,Application for Registration epdi apply panradhu?,Tanglish,application_help,EMP-503,Application for Registration,Employment Training,Employment,eSevai_service,,,,Not specified in the official sources reviewed,e-Sevai Centre,₹ 10,,https://tnesevai.tn.gov.in/Pages/EsevaiServiceList.aspx; https://www.tnesevai.tn.gov.in/Pages/UserManual.aspx
Q0102,Accident Relief Scheme epdi apply panradhu?,Tanglish,application_help,ars,Accident Relief Scheme,Social Welfare and Nutritious Meal Programme Department,Social welfare & Empowerment,Tamil_Nadu_scheme,"The scheme ""Accident Relief Scheme"" was launched by the Social Welfare and Nutritious Meal Programme Department, Government of Tamil Nadu. The scheme aims to provide financial assistance of ₹20,000/- to the legal heirs of the household BPL on the death of a “Primary breadwinner” (male or female).","1. The breadwinner of the family, whether male or female, must be an earning member. 1. The breadwinner&#39;s death was caused by an accident. 1. The family should belong to the BPL category. 1. Legal heirs of the deceased primary breadwinner of the family. 1. The family members engaged in the [44 categories (Page No. 139)](https://www.tn.gov.in/rti/proactive/swnmp/citizen_social_welfare.pdf) of notified employment.","- Financial assistance of ₹20,000/- is given to the legal heirs of the household below poverty line. **NOTE:** Depending upon the nature of the injury sustained and the degree of physical impairment, relief of ₹5,000 to ₹15,000 is given.",Copy of Ration Card. Copy of Aadhaar Card. First Information Report (FIR). Death Certificate of the Breadwinner.,"[Offline] Step 1: The interested applicant should visit (during office hours) the district Taluk office of the Tahsildars and request a hard copy of the prescribed format of the application form from the staff exclusively entrusted to issue and collect filled-in applications. Step 2: In the application form, fill in all the mandatory fields, and attach copies of all the mandatory documents (self-attest, if required). Step 3: Submit the duly filled and signed application form along with the documents to the District Collector/Revenue Divisional Officer/Special Tahsildar. Step 4: Request a receipt or acknowledgment from the Tahsildars to whom the application has been submitted. Ensure that the receipt contains essential details such as the date and time of submission, and a unique identification number (if applicable). Application Deadline:The application should be sent within 6 months of the death.",,https://www.tnsocialwelfare.tn.gov.in/website-345/sites/default/files/2022-01/citizen_chart_2017_18.pdf,https://www.myscheme.gov.in/schemes/ars
Q0108,What documents are needed for Adi Dravidar and Tribal Welfare Department-Hostels: Special Guides?,English,document_help,adthsg,Adi Dravidar and Tribal Welfare Department-Hostels: Special Guides,Adi Dravidar and Tribal Welfare Department,"Education & Learning, Housing & Shelter",Tamil_Nadu_scheme,The scheme provides hostel facilities to all boys and girls boarders studying up to XII Standard.,- The beneficiary should be a Student. - The beneficiary should be a resident of Tamil Nadu. - The beneficiary should belong to the Adi Dravidar/ Tribal community. - The beneficiary should be enrolled within XII Standard (Stn. XII or lower).,- **Accommodation:** Hostel facility for all Boys/ Girls Boarders studying upto XII Standard. <br>,Proof of identity (Aadhar card or any other document as directed by the authority). Caste certificate (Adi Dravidar/ Tribal community). Income certificate (if applicable). Admission/ Enrollment proof in school. Any other documents (if required).,[Offline] Students/ Guardians should contact the warden or matron of the hostel with all the required documents as directed by the authority.,,https://www.tn.gov.in/scheme/data_view/83078,https://www.myscheme.gov.in/schemes/adthsg
Q0114,Adi Dravidar and Tribal Welfare Department-Incentive/Award of Prizes ku eligibility enna?,Tanglish,eligibility_query,adtwdiap,Adi Dravidar and Tribal Welfare Department-Incentive/Award of Prizes,Adi Dravidar and Tribal Welfare Department,Education & Learning,Tamil_Nadu_scheme,The scheme “Adi Dravidar and Tribal Welfare Department-Incentive/Award of Prizes” offers incentives to One Boy and One Girl each from Adi Dravidar/ Tribal/ Adi Dravidar Converted to Christianity who have secured highest mark who have achieved top marks in 10th and 12th standard examinations.,- The beneficiary should be a Student. - The beneficiary should be a resident of Tamil Nadu. - The beneficiary should belong to the Adi Dravidar/ Tribal/ Adi Dravidar (converted to Christianity) community. - The beneficiary should have secured the highest marks in 10th or 12th standard exams within the district.,"- **10+2 Examination:** ₹3,000/-. - **10th Std. First Prize:** ₹1,000/-. - **10th Std. Second Prize:** ₹5,00/-. - **10th Std. Third Prize:** ₹3,00/-. <br>",Proof of Identity (Aadhaar card). Mark sheets of the 10th or 12th standard examination. Community certificate (Adi Dravidar/ Tribal/ Adi Dravidar Converted to Christianity). Bank Account details for prize transfer. Any other documents (if required).,"[Offline] Step 1: The interested applicant should collect the application form from the office of the District Adi Dravidar and Tribal Welfare Officer. Step 2: In the application form, fill in all the mandatory fields, paste the passport-sized photograph (signed across, if required), and attach copies of all the mandatory documents (self-attest, if required). Step 3: Submit the duly filled and signed application form along with the documents to the concerned authority. Step 4: Request a receipt or acknowledgment from the concerned authority to whom the application has been submitted. Ensure that the receipt contains essential details such as the date and time of submission and a unique identification number (if applicable).",,https://www.tn.gov.in/scheme/data_view/83082,https://www.myscheme.gov.in/schemes/adtwdiap
Q0124,Adi Dravidar and Tribal Welfare Department: Scholarship-Free Education upto 12th Std. to All ku eligibility enna?,Tanglish,eligibility_query,adtwsfe,Adi Dravidar and Tribal Welfare Department: Scholarship-Free Education upto 12th Std. to All,Adi Dravidar and Tribal Welfare Department,Education & Learning,Tamil_Nadu_scheme,"This scheme provides free education for Adi Dravidar, Tribal and Adi Dravidar (Converted to Christianity) students up to 12th standard, covering tuition fees, which are reimbursed by the government.",- The beneficiary should be a Student. - The beneficiary should be a resident of Tamil Nadu. - The beneficiary should belong to the Adi Dravidar/Tribal/Adi Dravidar converted to Christianity community. - The beneficiary must be enrolled in a school up to the 12th standard.,- Reimbursement: Full reimbursement of tuition fees for students up to the 12th standard.,Proof of identity (Aadhar card or any other document as directed by the authority). Caste certificate Adi Dravidar/Tribal/Adi Dravidar Converted to Christianity community). Income certificate (if applicable). Proof of Admission. Any other documents (if required).,[Offline] Students/ Guardians should contact the Headmaster of the School with all the required documents as directed by the authority.,,https://www.tn.gov.in/scheme/data_view/83084,https://www.myscheme.gov.in/schemes/adtwsfe
Q0129,Adi Dravidar and Tribal Welfare Department: Scholarship-Public Examination Fee for 10th and 12th Std. ku eligibility enna?,Tanglish,eligibility_query,adtwspe,Adi Dravidar and Tribal Welfare Department: Scholarship-Public Examination Fee for 10th and 12th Std.,Adi Dravidar and Tribal Welfare Department,Education & Learning,Tamil_Nadu_scheme,"The scheme provides reimbursement of public examination fees for 10th and 12th standard students from the Adi Dravidar, Tribal, and Adi Dravidar Converted to Christianity communities, with no income limit.",- The beneficiary should be a Student. - The beneficiary should be a resident of Tamil Nadu. - The beneficiary should belong to the Adi Dravidar/Tribal/Adi Dravidar converted to Christianity community. - The beneficiary must be appearing for public examinations of 10th/12th Std.,- **Reimbursement:** Full reimbursement on Public Examination fee for 10th and 12th Std. students. &lt;br&gt;,Proof of identity (Aadhar card or any other document as directed by the authority). Caste certificate Adi Dravidar/Tribal/Adi Dravidar Converted to Christianity community). Public examination registration slip. Any other documents (if required).,[Offline] Students/ Guardians should contact the Headmaster of the School with all the required documents as directed by the authority.,,https://www.tn.gov.in/scheme/data_view/83085,https://www.myscheme.gov.in/schemes/adtwspe
Q0136,இந்த Admission of Adi Dravidar/Tribal Students in Plus One at Reputed Schools பற்றி தகவல் வேண்டும்,Tamil,information_request,aadtsrs,Admission of Adi Dravidar/Tribal Students in Plus One at Reputed Schools,Adi Dravidar and Tribal Welfare Department,Education & Learning,Tamil_Nadu_scheme,"This scheme provides education benefits by admitting top Adi Dravidar/Tribal Students into reputed private schools for Plus One, covering 320 students annually across districts.","- The beneficiary should be a Student. - The beneficiary should be currently enrolled in school. - The beneficiary should be a resident of Tamil Nadu. - The beneficiary should belong to the Adi Dravidar/Tribal community. - The beneficiary must have secured the highest marks in Class X from Government/Corporation/Municipal/Adi Dravidar and Tribal Welfare schools. - Beneficiary’s annual family income should be less than ₹1,00,000/-.","- **Admission Assistance:** Free admission into reputed private schools for Plus One. - **Financial Coverage:** ₹28,000/- per year, including boarding charges. &lt;br&gt;","Proof of identity (Aadhar card or any other document as directed by the authority). Caste certificate (SC/ST). Income certificate (Annual income less than ₹1,00,000/-). Marksheet of Class X. Admission registration slip. Any other documents (if required).","[Offline] Step 1: The interested applicant should collect the application form from the District Collector’s office. Step 2: In the application form, fill in all the mandatory fields, paste the passport-sized photograph (signed across, if required), and attach copies of all the mandatory documents (self-attest, if required). Step 3: Submit the duly filled and signed application form along with the documents to the District Collector’s office. Step 4: Request a receipt or acknowledgment from the concerned authority to whom the application has been submitted. Ensure that the receipt contains essential details such as the date and time of submission, a unique identification number (if applicable).",,https://www.tn.gov.in/scheme/data_view/26796,https://www.myscheme.gov.in/schemes/aadtsrs
Q0141,இந்த Afforestation Schemes Providing Incentives And Employment To Tribals In Forest பற்றி தகவல் வேண்டும்,Tamil,information_request,aspie,Afforestation Schemes Providing Incentives And Employment To Tribals In Forest,Adi Dravidar and Tribal Welfare Department,"Skills & Employment, Agriculture,Rural & Environment",Tamil_Nadu_scheme,"This scheme offers grants to unemployed tribals for afforestation work, providing them with incentives and employment opportunities in forest operations.",- The beneficiary should be a resident of Tamil Nadu. - The beneficiary should belong to the Tribal community. - The beneficiary should be Unemployed.,- **Incentive:** Financial grants for afforestation activities. - **Employment:** Employment opportunities in forest management. &lt;br&gt;,"Proof of identity (Aadhar card or any other document as directed by the authority). Identity proof (Aadhar, Voter ID). Proof of residence in the tribal/forest area. Unemployment certificate (if applicable). Community certificate (if applicable). Any other documents (if required).","[Offline] Step 1: The interested applicant should collect the application form from the office of the District Forest Officer (DFO). Step 2: In the application form, fill in all the mandatory fields, paste the passport-sized photograph (signed across, if required), and attach copies of all the mandatory documents (self-attest, if required). Step 3: Submit the duly filled and signed application form along with the documents to the office of the District Forest Officer (DFO). Step 4: Request a receipt or acknowledgment from the concerned authority to whom the application has been submitted. Ensure that the receipt contains essential details such as the date and time of submission, a unique identification number (if applicable).",,https://www.tn.gov.in/scheme/data_view/83087,https://www.myscheme.gov.in/schemes/aspie
Q0148,What documents are needed for Amma Two Wheeler Scheme for Working Women?,English,document_help,atwsfww,Amma Two Wheeler Scheme for Working Women,Department of Social Welfare and Women Empowerment,"Social welfare & Empowerment, Transport & Infrastructure",Tamil_Nadu_scheme,The Amma Two-wheeler is a scheme that will empower working women in Tamil Nadu State.,"1. The applicant should be a native of and residing in Tamil Nadu. 1. The applicant should be in the age group of 18 to 40 years. 1. The applicant should know how to drive and possess a valid Two Wheeler / Learner License Registration (LLR) at the time of applying. 1. The annual income of the beneficiary should not exceed ₹ 2,50,000/-. 1. Only woman and only one woman will be eligible to avail of the benefit in a family. 1. The applicant should have appeared for the class 8th examination (Passed/Failed). 1. Priority will be given to working women residing in remote places, hilly regions, women-headed households, deserted women, destitute widows, differently abled women, Unmarried women aged above 35 years, Scheduled Caste/Tribes, and Transgender. <br> > **Note** Saving clause: if the applicant has applied with a Learner License Registration(LLR) she should get a valid Two Wheeler Driving License before submitting the subsidy claim form. She should also attach a copy of the two Wheeler Driving License to the subsidy claim form, at the time of applying. Further, she should produce the original Driving License for official verification, as and when needed.","**The reservation under the Amma two-wheeler scheme is as follows:** - 21% of the scheme&#39;s allocation is reserved for women belonging to Scheduled Castes. - 1% of the scheme’s allocation is reserved for women belonging to Scheduled Tribes. - 4% of the scheme’s allocation is reserved for differently abled women (across all categories). <br> > **Subsidy:** A beneficiary under this scheme will be provided with a maximum subsidy of 50% of the cost of the vehicle or ₹25,000/- whichever is less, to purchase a brand new motorized gearless / auto-geared two-wheeler whose engine capacity should not exceed 125cc. The balance cost, over and above the subsidy amount, has to be borne by the beneficiary through a bank/institutional loan or her funds. <br> > **Loan Facilities:** The beneficiary can buy the vehicle of her choice from her funds or by availing loans from Banks/Non-Banking Finance Companies (NBFCs) governed by the rules of the Reserve Bank of India (RBI). Reimbursement of subsidy to the beneficiary will be permitted in case the vehicle is purchased from her funds, subject to the fulfillment of the other conditions specified for eligibility <br> <br>","Proof of Age (18 to 40) / Date of birth Proof of Residence ( EPIC card, Driving License, Aadhar Card, Utility Bills, etc.,in the Applicant’s name) Driving License / Learner License Registration (LLR) issued by competent authority Income Certificate issued by Employer / Self Certification Proof of Employment issued by the Employer/Organization/Project Head/society in case of Wage / Salaried employment. Aadhaar card. Proof of Educational Qualification / Appearance for the VIII standard exams (Transfer Certificate, SSLC, etc.,) Passport size photograph Proof to establish membership of priority category, wherever applicable Community Certificate (in case of Scheduled Caste (SC) and Scheduled Tribes (ST) category). Differently Abled Identity Card issued by a competent authority Quotation/Pro-forma invoice of the vehicle Note: Driving license / Learner License Registration (LLR) and age proof are mandatory at the time of applying. Any shortcomings should be intimated to the applicant in the acknowledgment slip (Annexure C1).","[Offline] The application form for women in rural areas is different. Applicant can visit the Tamil Nadu Corporation for Development of Women to access the form for rural areas and follow these steps: Application Form Rural : https://pmmodiyojana.in/wp-content/uploads/2020/01/Application-Form-Rural.pdfStep 1: Stick your passport-sized photograph in the designated space. Step 2: Fill in the name of your district, block, village panchayat, etc. Step 3: Furnish your details like name, address, date of birth, father/husband's name, educational qualification, and other relevant information. Step 4: Provide details including the price of the scooter you want to buy. Mention whether you are purchasing the vehicle from your funds or a loan. Also enclose your vehicle’s invoice quotation and details of the bank if taking a loan, etc. Step 5: You are also required to mention the documents enclosed with the application form. Step 6: Mention the date and place and do your signature on the application form. Step 7: The application forms will be filled and submitted to the respective Block offices / Urban Local Bodies (ULBs) Application for Urban Areas :https://pmmodiyojana.in/wp-content/uploads/2020/01/Application-Form-Urban.pdfStep 1: Stick your passport-sized photograph in the designated space. Step 2: Fill in the name of your district, corporation, municipality, town panchayat, ward, etc. Step 3: Furnish your details like name, date of birth, father/husband's name, educational qualification, address, and other relevant information. Step 4: Provide driving or learner’s license details and details of the vehicle you wish to buy. You must also provide the invoice quotation, bank details if availing a loan, etc. Step 5: Mention the additional documents like driver or learner’s license, Aadhaar number, proof of education, community certificate, etc. Step 6: Mention the date and place and do your signature on the application form. Step 7: The application forms will be filled and submitted to the respective Block offices / Urban Local Bodies (ULBs).",,https://govtschemes.in/sites/default/files/2022-05/Amma%20Two%20Wheeler%20Yojana.pdf,https://www.myscheme.gov.in/schemes/atwsfww
Q0156,இந்த Annai Teresa Ninaivu Marriage Assistance Scheme for Orphan Girls-I பற்றி தகவல் வேண்டும்,Tamil,information_request,atnmasfogi,Annai Teresa Ninaivu Marriage Assistance Scheme for Orphan Girls-I,Department of Social Welfare and Women Empowerment,"Women and Child, Social welfare & Empowerment",Tamil_Nadu_scheme,"""Annai Teresa Ninaivu Marriage Assistance Scheme for Orphan Girls-I"" was launched by the Social Welfare and Women Empowerment Dept, Govt of Tamil Nadu. The scheme provides financial assistance to the orphan girls for their marriage. The bride should be 18 years or older during her marriage.",1. The applicant should be a girl. 1. The applicant should be an orphan. 1. The bride should be 18 years or above at the time of marriage.,"- Financial assistance of ₹25,000/-. - One sovereign (8gm) 22-carat gold coin for making Thirumangalyam. > **Mode of Disbursal:** Through Electronic Clearing Service.","1. Death Certificate of Father & Mother or Orphan Certificate (Issued by a Member of Parliament (MP)/ Member of the Legislative Assembly (MLA)). 2. Income Certificate from Tahsildar. 3. Marriage Invitation. 4. Age Proof of the Bride. 5. Bride’s Photograph. 6. Bills towards the Purchase of Marriage Articles for ₹1,000/-. 7. Any other document as required by the Department.","[Online - via CSC] Step 1: The applicant should gather copies of the necessary documents needed to apply for the concerned scheme. Step 2: The applicant should visit the nearest Common Service Center (CSC) and complete the Biometric Verification Process. Step 3: In the application form, fill in all the mandatory fields and upload copies of all the mandatory documents. Step 4: Request a receipt or acknowledgment from the CSC. Ensure that the receipt contains essential details such as the date and time of submission, and a unique identification number (if applicable). Application Deadline40 days before the marriage date (In exceptional circumstances, the application can be submitted one day before the marriage date). [Offline] Step 1: The interested applicant should take print of the prescribed format of the application form. Step 2: In the application form, fill in all the mandatory fields, paste the passport-sized photograph (signed across, if required), and attach copies of all the mandatory documents (self-attest, if required). Step 3: Submit the duly filled and signed application form along with the documents to the District Social Welfare Officer/ Extension Officer (Social Welfare). Step 4: Request a receipt or acknowledgment from the concerned authority to whom the application has been submitted. Ensure that the receipt contains essential details such as the date and time of submission, and a unique identification number (if applicable). Application Deadline40 days before the marriage date (In exceptional circumstances, the application can be submitted one day before the marriage date).",,https://cms.tn.gov.in/sites/default/files/forms/social_welfare_form12.pdf,https://www.myscheme.gov.in/schemes/atnmasfogi
Q0164,Annai Teresa Ninaivu Marriage Assistance Scheme for Orphan Girls-II ku eligibility enna?,Tanglish,eligibility_query,atnmasfogii,Annai Teresa Ninaivu Marriage Assistance Scheme for Orphan Girls-II,Department of Social Welfare and Women Empowerment,"Women and Child, Social welfare & Empowerment",Tamil_Nadu_scheme,"""Annai Teresa Ninaivu Marriage Assistance Scheme for Orphan Girls-I"" was launched by the Social Welfare and Women Empowerment Dept, Govt of Tamil Nadu. The scheme provides financial assistance to the orphan girls for their marriage. The bride should be 18 years or older during her marriage.","1. The applicant should be a girl. 1. The applicant should be an orphan. 1. The bride should be 18 years or above at the time of marriage. 1. The applicant should have a degree passed from regular colleges, distance education/government-recognized open university. 1. The applicant should have a diploma passed from the Institution recognized by the Directorate of Technical Education, Government of Tamil Nadu.","- Financial assistance of ₹25,000/-. - One sovereign (8gm) 22-carat gold coin for making Thirumangalyam. > **Mode of Disbursal:** Through Electronic Clearing Service.","1. Death Certificate of Father & Mother or Orphan Certificate (Issued by a Member of Parliament (MP)/ Member of the Legislative Assembly (MLA)). 2. Income Certificate from Tahsildar. 3. Marriage Invitation. 4. Age Proof of the Bride. 5. Bride’s Photograph. 6. Bills towards the Purchase of Marriage Articles for ₹1,000/-. 7. Any other document as required by the Department.","[Online - via CSC] Step 1: The applicant should gather copies of the necessary documents needed to apply for the concerned scheme. Step 2: The applicant should visit the nearest Common Service Center (CSC) and complete the Biometric Verification Process. Step 3: In the application form, fill in all the mandatory fields and upload copies of all the mandatory documents. Step 4: Request a receipt or acknowledgment from the CSC. Ensure that the receipt contains essential details such as the date and time of submission, and a unique identification number (if applicable). Application Deadline40 days before the marriage date (In exceptional circumstances, the application can be submitted one day before the marriage date). [Offline] Step 1: The interested applicant should take print of the prescribed format of the application form. Step 2: In the application form, fill in all the mandatory fields, paste the passport-sized photograph (signed across, if required), and attach copies of all the mandatory documents (self-attest, if required). Step 3: Submit the duly filled and signed application form along with the documents to the District Social Welfare Officer/ Extension Officer (Social Welfare). Step 4: Request a receipt or acknowledgment from the concerned authority to whom the application has been submitted. Ensure that the receipt contains essential details such as the date and time of submission, and a unique identification number (if applicable). Application Deadline40 days before the marriage date (In exceptional circumstances, the application can be submitted one day before the marriage date).",,https://cms.tn.gov.in/sites/default/files/forms/social_welfare_form11.pdf,https://www.myscheme.gov.in/schemes/atnmasfogii
Q0169,Annal Ambedkar Business Champions Scheme ku eligibility enna?,Tanglish,eligibility_query,aabcs,Annal Ambedkar Business Champions Scheme,Micro Small and Medium Enterprises Department,Business & Entrepreneurship,Tamil_Nadu_scheme,"The scheme “Annal Ambedkar Business Champions Scheme (AABCS)” was launched by the Department of Micro, Small and Medium Enterprises, Government of Tamil Nadu.","1. The applicant should be a resident of the State of Tamil Nadu. 1. The beneficiaries shall be persons belonging to SC/ST communities. Enterprises supported under the scheme shall be 100% owned by persons belonging to SC/STs. The enterprises may have any legal personality allowed to conduct business for profit as per prevailing laws which include sole proprietorship, partnership, and company. 1. The scheme can support both new enterprises and expansion of existing enterprises. 1. The eligible enterprises can be business enterprises in the areas of manufacturing and services. Trading-related projects which are above the threshold of assistance under the existing Unemployed Youth Employment Generation Programme (UYEGP) scheme will also be covered. 1. The age limit for beneficiaries will be 55 years. 1. There shall be no minimum educational qualification for beneficiaries. 1. There will be no bar on the beneficiary to claim additional capital subsidy from schemes operated by agencies not controlled by the Government of Tamil Nadu. This will include the Credit Linked Capital Subsidy Scheme (CLCSS) of the Union Government, schemes of Coir Board, etc., 1. Entrepreneurship Development Training will be given to all beneficiaries by Entrepreneurship Development and Innovation Institute, as done in the case of the New Entrepreneur-cum- Enterprise Development Scheme (NEEDS). **Note 01:** The scheme will cover new entrepreneurs and existing entrepreneurs. **Note 02:** Eligible Project Cost shall include all investments of a capital nature and will include land, plant, machinery, testing equipment, and computing devices, Cost of land may be taken into account for the purposes of calculating subsidy which should not exceed 20% of the total project cost. Vehicles shall be considered as part of project cost only in cases where the vehicle is integral to the business process as in the case of taxi and lorry business, earth moving equipment, bore well drilling, sanitary service equipment like Jet Roding machines, etc., **Note 03:** This training will be given even for prospective applicants or their wards where subsidy applications are under process. Convergence with existing training schemes of the Government, including the Tamil Nadu Skill Development Corporation (TNSDC) will also be implemented for this purpose.","1. Under the scheme, the State Government will provide a 35% capital subsidy on the Eligible Project Cost, not exceeding ₹1.5 Crore. 1. A 6% interest subvention will be given for loans sanctioned under this scheme. **Note 01:** Interest subvention will be given to loans sanctioned by scheduled Commercial Banks, Co-Operatives Banks, Tamil Nadu Industrial Investment Corporation, and Non-Banking Financial Companies (NBFCs) during the tenure of the loan not exceeding 10 years. **Note 02:** The capital subsidy sanctioned will be provided frontend to the extent necessary to constitute margin money requirement for credit linkage. **Note 03:** The working capital sanctioned for the project shall be eligible for interest subvention for a period not exceeding 2 years.","1. Identity proof i.e. copy of Election ID Card/ Aadhaar card 2. Copy of PAN Card 3. Passport size photo 4. Proof of age 5. Caste/Community Certificate 6. Residence proof 7. Bank account details 8. Any other documents, if required","[Online] Step 01: The applicant willing to avail loan under the AABCS scheme should fill up the online application through the Official Website of the Micro, Small and Medium Enterprises Department, Government of Tamil Nadu. Step 02: On the home page, click on “Apply Online” and then “New Application”. Step 03: Click on ‘Register’ and fill in the details like Name, Date of Birth, Email ID, Aadhaar Number & Mobile Number. Step 04: After successful registration, click on ‘login’ and fill in all the mandatory details. Step 05: Upload all the necessary documents and submit the application form. Dos and Don’ts While Filing Online Application",,https://msmeonline.tn.gov.in/aabcs/aabcs_desc.php,https://www.myscheme.gov.in/schemes/aabcs
Q0175,What benefits are available under Annal Gandhi Memorial Award?,English,benefit_query,agma,Annal Gandhi Memorial Award,Adi Dravidar and Tribal Welfare Department,Education & Learning,Tamil_Nadu_scheme,The scheme provides financial assistance to one boy and one girl from the SC/ST community (Hindu Adi Dravidar) in each district who secure the first rank in plus 2 Public Examinations.,- The beneficiary should be a resident of Tamil Nadu. - The beneficiary should be a Student. - The beneficiary should belong to the SC/ST (Hindu Adi Dravidar) community. - The beneficiary must have secured the first rank in plus 2 Public Examinations in their district.,"- **In first year:** ₹2,000/-. - **For the succeeding five years:** ₹1,500/- per annum.",Proof of identity (Aadhar card or any other document as directed by the authority). Community certificate. Plus 2 Public Examination mark sheet. Bank account details. Any other documents (if required).,"[Offline] Step 1: The interested applicant should collect the application form from the concerned educational institution. Step 2: In the application form, fill in all the mandatory fields, paste the passport-sized photograph (signed across, if required), and attach copies of all the mandatory documents (self-attest, if required). Step 3: Submit the duly filled and signed application form along with the documents to the educational institution. Step 4: Request a receipt or acknowledgment from the concerned authority to whom the application has been submitted. Ensure that the receipt contains essential details such as the date and time of submission, and a unique identification number (if applicable).",,https://www.tn.gov.in/scheme/data_view/26775,https://www.myscheme.gov.in/schemes/agma
Q0179,Assistance For Delivery / Miscarriage Of Pregnancy / Termination Of Pregnancy To Female Differently Abled Person ku eligibility enna?,Tanglish,eligibility_query,admptpfdap,Assistance For Delivery / Miscarriage Of Pregnancy / Termination Of Pregnancy To Female Differently Abled Person,Welfare of Differently Abled Persons Department,"Health & Wellness, Women and Child",Tamil_Nadu_scheme,"The Government of Tamil Nadu introduced ""Assistance for Delivery/Miscarriage of Pregnancy/Termination of Pregnancy to Female Differently Abled Person.",- Differently abled person holding identity card issued by the welfare board for the differently abled.,"A sum of Rs.6,000/- @ Rs.1,000/- per month for delivery and Rs.3,000 for miscarriage/termination of pregnancy is given to a female differently abled person.",Evidence to be attached Copy of National Spouse Identity Card and Board Registration Details Copy of Family Card Copy of Aadhaar Card For jump i) Child birth certificate copy ii) Hospital certificate copy Certificate from the hospital where the operation was performed for abortion,"[Offline] Step 1: Visit the official website of the Chennai district. Step 2: Click on the Departments. Select Differently Abled Welfare, after selecting click on Differently Abled Welfare Schemes. Step 3: You will land on the List of Scheme page of Differently Abled Welfare Schemes. Step 4: Scroll down to the section ""L. Tamilnadu differently abled welfare board schemes"". Step 5: Download the application form of the ""S.No. 6 Assistance for delivery/miscarriage of pregnancy/termination of pregnancy to female differently abled person"". Address to apply.- Secretary, Tamil Nadu Professional Welfare Board, PO Box No. 718, T.M.S. Campus, Thenampet, Chennai-600 006.",,https://www.scd.tn.gov.in/pdf/schemes/pdf/ASSISTANCE%20FOR%20DELIVERY%20%20MISCARRIAGE%20OF%20PREGNANCY.pdf,https://www.myscheme.gov.in/schemes/admptpfdap
Q0185,What benefits are available under Assistance for Delivery of a Child or the Miscarriage of Pregnancy or the Termination of Pregnancy?,English,benefit_query,adcmptp,Assistance for Delivery of a Child or the Miscarriage of Pregnancy or the Termination of Pregnancy,Agriculture Department,Women and Child,Tamil_Nadu_scheme,"The scheme ""Assistance for Delivery of a Child or the Miscarriage of Pregnancy or the Termination of Pregnancy"" was launched by the Art and Culture Department, Government of Tamil Nadu. The scheme aims to give financial assistance for the delivery of a child, miscarriage, or termination of pregnancy",1. The applicant should be a registered female folk artist. 1. The applicant can be eligible only if she is giving birth to a child or has a miscarriage or termination of pregnancy. 1. The applicant should not have any dues payable to the board. 1. The female folk artist is not eligible if already has two children.,"**Financial Assistance:** - Child Delivery – ₹6,000/- (₹1,000/- per month for six months). - Miscarriage – ₹3,000/-. - Termination – ₹3,000/-. > **Note:** Assistance is available only twice. <br>","Registration Card of the Folk Artist. Birth Certificate of Child or Certificate of miscarriage of pregnancy, or termination of pregnancy (from Registered Maternity Doctor).","[Offline] Step 1: The interested applicant should visit (during office hours) the regional office and request the hard copy of the prescribed format of the application form XIV from the staff exclusively entrusted to issue and collect filled-in applications. Step 2: In the application form, fill in all the mandatory fields, and attach copies of all the mandatory documents (self-attest, if required). Step 3: Submit the duly filled and signed application form along with the documents to the Assistant Director/Deputy Director in the regional offices. Step 4: Request a receipt or acknowledgment from the Assistant Director/Deputy Director to whom the application has been submitted. Ensure that the receipt contains essential details such as the date and time of submission, and a unique identification number (if applicable).",,https://cms.tn.gov.in/sites/default/files/gos/tour-e-3-2008.pdf,https://www.myscheme.gov.in/schemes/adcmptp
Q0193,What documents are needed for Assistance for Purchase of Spectacles - Folk Artists?,English,document_help,apsfa,Assistance for Purchase of Spectacles - Folk Artists,Art and Culture Department,"Sports & Culture, Social welfare & Empowerment",Tamil_Nadu_scheme,"The ""Assistance for Purchase of Spectacles"" scheme was launched by the Art and Culture Department, Government of Tamil Nadu. Under this scheme, the Tamil Nadu Folk Artiste's Welfare Board provides financial assistance for the purchase of spectacles to registered folk artists.",1. The applicant must be a registered folk artist. 1. The applicant should not have any dues payable to the board. 1. The applicant must not have availed similar benefits from any other government scheme.,- Financial Assistance maximum of ₹500/- > **Note:** This assistance shall be given only once.,Registration Card of the Folk Artist. Medical Prescription (from a registered eye specialist). Purchase Bill.,"[Offline] Step 1: The interested applicant should visit (during office hours) the regional office and request the hard copy of the prescribed format of the application form XV from the staff exclusively entrusted to issue and collect filled-in applications. Step 2: In the application form, fill in all the mandatory fields, and attach copies of all the mandatory documents (self-attest, if required). Step 3: Submit the duly filled and signed application form along with the documents to the Assistant Director/Deputy Director in the regional offices. Step 4: Request a receipt or acknowledgment from the Assistant Director/Deputy Director to whom the application has been submitted. Ensure that the receipt contains essential details such as the date and time of submission, and a unique identification number (if applicable).",,https://cms.tn.gov.in/sites/default/files/gos/tour-e-3-2008.pdf,https://www.myscheme.gov.in/schemes/apsfa
Q0199,Assistance For Purchase Of Spectacles By A Differently Abled Person ku eligibility enna?,Tanglish,eligibility_query,apsdap,Assistance For Purchase Of Spectacles By A Differently Abled Person,Welfare of Differently Abled Persons Department,Social welfare & Empowerment,Tamil_Nadu_scheme,"The ""Assistance for Purchase of Spectacles by A Differently Abled Persons"" scheme in Tamil Nadu is a government initiative that aims to provide financial assistance to differently-abled individuals.",Differently-abled persons holding identity cards issued by the welfare board for the differently abled.,A sum of Rs.500/- (Rupees Five hundred only) is paid as an assistance towards the reimbursement of the cost of spectacles for differently-abled persons.,National Disability Identity Card and Board Registration Details Family card Aadhaar card Nasal mirror test evidence The Receipt of buying nose glasses,"[Offline] Step 1: Visit the official website of the Chennai district. Step 2: Click on the Departments. Select Differently Abled Welfare, after selecting click on Differently Abled Welfare Schemes. Step 3: You will land on the List of Scheme page of Differently Abled Welfare Schemes. Step 4: Scroll down to the section ""L. Tamilnadu differently abled welfare board schemes"". Step 5: Download the application form of the ""S.No. 7 Reimbursement for purchase of spectacles for visually impaired persons Rs. 500"". Note: The application is to be submitted District Differently Abled Welfare Officer.",,https://www.scd.tn.gov.in/pdf/schemes/pdf/ASSISTANCE%20FOR%20PURCHASE%20OF%20SPECTACLES%20BY%20A%20DIFFERENTLY.pdf,https://www.myscheme.gov.in/schemes/apsdap
Q0210,What benefits are available under Assistance to Lawyers for Starting their Practice?,English,benefit_query,atlfstp,Assistance to Lawyers for Starting their Practice,Adi Dravidar and Tribal Welfare Department,Education & Learning,Tamil_Nadu_scheme,"This scheme provides financial assistance to unemployed Adi Dravidar and Tribal lawyers to help them start their legal practice, provided they have registered within the last five years and meet specific income criteria.","- The beneficiary should be a resident of Tamil Nadu. - The beneficiary should be an unemployed lawyer. - The beneficiary should have registered their name as a lawyer within 5 years. - The beneficiary should have an interest to start legal practice. - The beneficiary should belong to the Adi Dravidar/Tribal community. - Beneficiary’s annual family income should not exceed ₹1,00,000/-.",- **Financial Assistance:** Incentives to unemployed Adi Dravidar/Tribal lawyers to start legal practice.,"Proof of identity (Aadhar card or any other document as directed by the authority). Certificate of registration as a lawyer (within the last 5 years). Caste certificate (Adi Dravidar/Tribal). Income certificate (parent’s annual income not exceeding ₹1,00,000/-). Bank account details. Passport-size photographs. Any other documents (if required).","[Offline] Step 1: The interested applicant should collect the application form from the office of the District Adi Dravidar and Tribal Welfare Officer/ Director of Adi Dravidar Welfare (Chennai-5). Step 2: In the application form, fill in all the mandatory fields, paste the passport-sized photograph (signed across, if required), and attach copies of all the mandatory documents (self-attest, if required). Step 3: Submit the duly filled and signed application form along with the documents to the concerned office. Step 4: Request a receipt or acknowledgment from the concerned authority to whom the application has been submitted. Ensure that the receipt contains essential details such as the date and time of submission, and a unique identification number (if applicable).",,https://www.tn.gov.in/scheme/data_view/83091,https://www.myscheme.gov.in/schemes/atlfstp
Q0211,"இந்த Award of ₹20,000/- to Best Writers பற்றி தகவல் வேண்டும்",Tamil,information_request,atbw,"Award of ₹20,000/- to Best Writers",Adi Dravidar and Tribal Welfare Department,Education & Learning,Tamil_Nadu_scheme,"The scheme provides a cash award of ₹20,000/- to the top 10 writers from Adi Dravidar, Tribal, or Adi Dravidar communities converted to Christianity, with one additional spot for a writer from other communities.",- The beneficiary should be a resident of Tamil Nadu. - The beneficiary should be an unemployed writer. - The beneficiary should belong to the Adi Dravidar/ Tribal/ Adi Dravidar converted to Christian community.,"- **Cash Prize:** ₹20,000/- to each of the selected writers (10 from Adi Dravidar/Tribal communities and one from other communities). - **Recognition:** Selected writers receive state recognition for their literary contributions. <br>",Proof of identity (Aadhar card or any other document as directed by the authority). Caste certificate (Adi Dravidar/Tribal). A copy of the submitted literary work. Bank account details. Passport-size photographs. Any other documents (if required).,[Offline] Step 1: The scheme will be advertised in newspapers during April/May. Step 2: Interested candidates must submit their literary works along with the required documents to the designated authority as mentioned in the advertisement.,,https://www.tn.gov.in/scheme/data_view/83092,https://www.myscheme.gov.in/schemes/atbw
Q0219,Awards to Bright Students ku eligibility enna?,Tanglish,eligibility_query,atbs,Awards to Bright Students,Adi Dravidar and Tribal Welfare Department,Education & Learning,Tamil_Nadu_scheme,"The ""Awards to Bright Students"" scheme offers financial assistance to the top two boys and two girls from Adi Dravidar/Tribal/Adi Dravidar Converted to Christianity in each district who have excelled in their 10th standard public examinations and continue their studies.","- The beneficiary should be a resident of Tamil Nadu. - The beneficiary should be a student. - The beneficiary should have passed 10th std., Public Examinations. - The beneficiary should be among the top two boys or two girls in their concerned district. - The beneficiary should be continuing their studies after 10th standard. - The beneficiary should belong to the Adi Dravidar/ Tribal/ Adi Dravidar Converted to Christianity communities.",&gt; **Financial Assistance:** - **For the first year:** ₹800/-. - **For the next five years (per year):** ₹960/-. &lt;br&gt;,Proof of identity (Aadhar card or any other document as directed by the authority). Caste certificate (Adi Dravidar/ Tribal/ Adi Dravidar converted to Christian). 10th standard marksheet. Proof of continuing education after 10th standard (admission or enrolment certificate). Bank account details. Any other documents (if required).,"[Offline] Step 1: The interested applicant should collect the application form from the concerned educational institution. Step 2: In the application form, fill in all the mandatory fields, paste the passport-sized photograph (signed across, if required), and attach copies of all the mandatory documents (self-attest, if required). Step 3: Submit the duly filled and signed application form along with the documents to the educational institution. Step 4: Request a receipt or acknowledgment from the concerned authority to whom the application has been submitted. Ensure that the receipt contains essential details such as the date and time of submission, a unique identification number (if applicable).",,https://www.tn.gov.in/scheme/data_view/83093,https://www.myscheme.gov.in/schemes/atbs
Q0221,இந்த Back Ended Interest Subsidy (BEIS) பற்றி தகவல் வேண்டும்,Tamil,information_request,beis,Back Ended Interest Subsidy (BEIS),Micro Small and Medium Enterprises Department,"Business & Entrepreneurship, Banking,Financial Services and Insurance",Tamil_Nadu_scheme,"""Back Ended Interest Subsidy"" by the Govt of Tamil Nadu, is introduced with the objective of reducing financial burdens of all new micro and small manufacturing enterprises who have already availed loans from banks/ other government organizations by assisting them through a subsidy on term loans.","- Micro and Small Enterprises who have availed of term loan under Technology upgradation/modernization schemes, National Equity Funds Scheme (Renamed as Micro / Small Enterprises Funding Scheme), Scheme for ISO Certification / R &amp; D under NSIC -SIDCO Consortium and Credit Guarantee Fund Trust Scheme. - New Enterprises that have set up their facilities, or existing Micro, Small, and Medium Enterprises, which upgrade their existing plant and machinery with state-of-the-art technology, with or without expansion, by induction of well-established and improved technologies in specified sub-sectors / products as listed in the guidelines on Credit Linked Capital Subsidy Scheme (CLCSS) Scheme of Government of India.","- Subsidy of 5% on term loans subject to a maximum of ₹ 20,00,000 is given for a period of 5 years to all new micro and small manufacturing enterprises for term loans up to ₹ 2,00,00,000 obtained for Credit Guarantee Fund Trust Scheme (CGTMSE). - Subsidy of 5% on term loans subject to a maximum of ₹ 25,00,000 is given for a period of 5 years to all new micro and small manufacturing enterprises for term loans up to ₹ 5,00,00,000 obtained for technology up-gradation / modernization. - The maximum amount of BEIS payable per loan shall be ₹ 10,00,000 only on loans taken up to ₹ 1,00,00,000. <br> > **Mode of Payment** Interest subsidy shall be reimbursed once in three months on a quarterly basis to the financial institutions.",Copy of Udyog Aadhaar memorandum/copy of Udyam Certificate. Copy of Loan Sanction letter from the Bank / Financial Institution in respect of Bank / Institutional financed Enterprises. Certificate from the bank for the interest claim for each quarter as per Annexure A. Bank statement for the interest paid with bank manager attestation. *The file type should be PDF (.pdf). The file size should be less than 200 kb.,"[Online] *Access the User Manual for Online Application here Step 1: RegistrationVisit the Official Website/Portal of the Micro, Small, and Medium Enterprises Department of the Government of Tamil Nadu. In the top ribbon, click ""Login / Registration"". In the registration form, fill in the mandatory details accurately, Name, Date of Birth, Aadhaar Number, Email ID, and Mobile Number. Create a new password. The password must contain a minimum of 8 characters, 1 Upper Case Letter, 1 Lower Case Letter, and 1 Numeric Field. Fill in the captcha code, and click ""Register"". Step 2: LoginVisit the Login Page and click ""Login"", and then fill in the credentials received on your registered Email ID and the registered Mobile Number. Step 3: Form FillingAfter successfully logging in, hover over ""Schemes"" in the top ribbon, and then click on the concerned scheme from the dropdown. On the next page, hover over ""Apply Online"" in the top ribbon, and then click on ""New Application"" from the dropdown. Fill in all the mandatory fields of the Application Form. Carefully review all the information provided, acknowledge and agree to the terms and conditions, declaration, and privacy policy, and then click ""Proceed"". Note down the reference number appearing on the screen and then click ""Close"". Step 4: Upload DocumentsNow, hover over ""Schemes"" in the top ribbon, and then click ""Upload Documents"" from the dropdown. On the next page, provide the Application ID and click ""Submit"". On the next page, upload all the mandatory documents in the specified format and size. After uploading the documents, click ""View"" to verify the documents uploaded for correctness. Step 5: SubmissionFill in all the checkboxes appearing at the bottom of the screen and then click ""Submit Application"". The message regarding the submission of the online application to GM/DIC / RJD will be received on your mobile phone. (Optional) Step 6: Track Application Status You can check the status of your application here. The portal may provide updates via email or SMS regarding your application status. *Access the Preview of the Application Form here *Access the Sample of a Filled Application Form here",,https://www.msmetamilnadu.tn.gov.in/beis.php#chart-line,https://www.myscheme.gov.in/schemes/beis
Q0232,Behind the Ear Hearing Aids by Welfare of Differently Abled Persons epdi apply panradhu?,Tanglish,application_help,btehabwodap,Behind the Ear Hearing Aids by Welfare of Differently Abled Persons,Welfare of Differently Abled Persons Department,Social welfare & Empowerment,Tamil_Nadu_scheme,"'Behind the Ear Hearing Aids by Welfare of Differently Abled Persons' scheme was launched by the Department for the Welfare of Differently Abled Persons, Government of Tamil Nadu. The scheme aims to encourage hearing-impaired students to wear hearing aids to increase their speech capacity.",1. The beneficiary should be a hearing-impaired person. 1. The beneficiary should be studying 6th standard and above. 1. The beneficiary should be any one of the following: - Student - Self-Employed - Employed Persons.,- **Free distribution of behind the ear hearing aids.**,National Identity Card of the Differently Abled Person. Hearing Impairment Certificate. Bonafide Certificate (obtained from the concerned School Head Master/College Principal).,"[Offline] Step 1: The interested applicant should visit (during office hours) the District Differently Abled Welfare Officer and request a hard copy of the prescribed format of the application form from the staff exclusively entrusted to issue and collect filled-in applications. Step 2: In the application form, fill in all the mandatory fields, and attach copies of all the mandatory documents (self-attest, if required). Step 3: Submit the duly filled and signed application form along with the documents to the District Differently Abled Welfare Officer. Step 4: Request a receipt or acknowledgment from the District Differently Abled Welfare Officer to whom the application has been submitted. Ensure that the receipt contains essential details such as the date and time of submission, and a unique identification number (if applicable).",,https://cms.tn.gov.in/sites/default/files/documents/wda_e_cc_2022_23.pdf,https://www.myscheme.gov.in/schemes/btehabwodap
Q0241,இந்த Book Bank Scheme: II பற்றி தகவல் வேண்டும்,Tamil,information_request,bbsii,Book Bank Scheme: II,Adi Dravidar and Tribal Welfare Department,Education & Learning,Tamil_Nadu_scheme,"The scheme provides free textbooks to Adi Dravidar/Tribal students pursuing professional courses like Medical, Engineering, Law, MBA, and others, which must be returned to the library after course completion.","- The beneficiary should be a resident of Tamil Nadu. - The beneficiary should be a student. - The beneficiary should belong to the Adi Dravidar/ Tribal communities. - The beneficiary must be receiving any Scholarship from the Government of India. - The beneficiary must return the books after completing the course. - The beneficiary must be enrolled in one of the following courses: 1. Medical 1. Engineering 1. Law (BL/LLB 3 years and 5 years, LLM/ML 2 years) 1. MBA (2 years) 1. Veterinary 1. Agriculture 1. Polytechnic 1. Chartered Accountants, Cost Accountants (Intermediate, Final) 1. Postgraduate Technical Courses in Medical, Engineering, Agriculture, Veterinary 1. Other equivalent professional studies, including Bio-Science.",- **Free Textbooks Access:** Books are shared between two (2) students at free of cost. > **Note:** On completion of the course the students should return the books to the Library. <br>,Proof of identity (Aadhar card or any other document as directed by the authority). Community certificate (Adi Dravidar/Tribal). Proof of enrollment in a professional course. Proof of Scholarship (among Adi Dravidar/Tribal students; received from the Government of India). Any other documents (if required).,"[Offline] Step 1: The interested applicant should collect the application form from the Principal of their respective educational institution. Step 2: In the application form, fill in all the mandatory fields, paste the passport-sized photograph (signed across, if required), and attach copies of all the mandatory documents (self-attest, if required). Step 3: Submit the duly filled and signed application form along with the documents to the educational institution. Step 4: Request a receipt or acknowledgment from the concerned authority to whom the application has been submitted. Ensure that the receipt contains essential details such as the date and time of submission, and a unique identification number (if applicable).",,https://www.tn.gov.in/scheme/data_view/83094,https://www.myscheme.gov.in/schemes/bbsii
Q0248,What documents are needed for Book Binder Training by Department for the Welfare of Differently Abled Persons?,English,document_help,bbtbdftwodap,Book Binder Training by Department for the Welfare of Differently Abled Persons,Welfare of Differently Abled Persons Department,Skills & Employment,Tamil_Nadu_scheme,"The 'Book Binder Training by Department for the Welfare of Differently Abled Persons' was launched by the Department for the Welfare of Differently Abled Persons, Government of Tamil Nadu. The scheme aims to provide book binder training to visually impaired candidates.",1. The beneficiary should be a visually impaired person. 1. The beneficiary should have passed the 8th standard. 1. The beneficiary should be between 18 to 40 years age group.,- Free book binding training every year is imparted in government higher secondary schools for the visually impaired.,National Identity Card of the Differently Abled. Certificate for Educational Qualification. Community Certificate. Transfer Certificate. Aadhaar Card. Ration Card.,"[Offline] Step 1: The interested applicant should visit (during office hours) the District Differently Abled Welfare Officer/Government Higher Secondary School For Visually Impaired Poonamallee and request a hard copy of the prescribed format of the application form from the staff exclusively entrusted to issue and collect filled-in applications. Step 2: In the application form, fill in all the mandatory fields, and attach copies of all the mandatory documents (self-attest, if required). Step 3: Submit the duly filled and signed application form along with the documents to the District Differently Abled Welfare Officer/Government Higher Secondary School For Visually Impaired Poonamallee. Step 4: Request a receipt or acknowledgment from the District Differently Abled Welfare Officer to whom the application has been submitted. Ensure that the receipt contains essential details such as the date and time of submission, and a unique identification number (if applicable).",,https://cms.tn.gov.in/sites/default/files/documents/wda_e_cc_2022_23.pdf,https://www.myscheme.gov.in/schemes/bbtbdftwodap
Q0255,What benefits are available under Braille Watches by Welfare of Differently Abled Persons Department?,English,benefit_query,bwbwodapd,Braille Watches by Welfare of Differently Abled Persons Department,Welfare of Differently Abled Persons Department,Social welfare & Empowerment,Tamil_Nadu_scheme,"The 'Braille Watches by Welfare of Differently Abled Persons Department' scheme was launched by the Department for the Welfare of Differently Abled Persons, Government of Tamil Nadu. Under this scheme, braille watches are distributed to working visually impaired persons.",1. The applicant should be a visually impaired working person. 1. The applicant should be working in the unorganized sectors. 1. The applicant should be any one of the following: - Employee. - Self-Employed.,- **Free distribution of braille watches.**,National Identity Card of the Differently Abled Person. Any Other Documents If Required.,"[Offline] Step 1: The interested applicant should visit (during office hours) the District Differently Abled Welfare Officer and request a hard copy of the prescribed format of the application form from the staff exclusively entrusted to issue and collect filled-in applications. Step 2: In the application form, fill in all the mandatory fields, and attach copies of all the mandatory documents (self-attest, if required). Step 3: Submit the duly filled and signed application form along with the documents to the District Differently Abled Welfare Officer. Step 4: Request a receipt or acknowledgment from the District Differently Abled Welfare Officer to whom the application has been submitted. Ensure that the receipt contains essential details such as the date and time of submission, and a unique identification number (if applicable).",,https://cms.tn.gov.in/sites/default/files/documents/wda_e_cc_2022_23.pdf,https://www.myscheme.gov.in/schemes/bwbwodapd
Q0260,What benefits are available under Burial Ground-Provision of Burial Grounds and Pathway to Burial Grounds?,English,benefit_query,bgpbg,Burial Ground-Provision of Burial Grounds and Pathway to Burial Grounds,Adi Dravidar and Tribal Welfare Department,Utility & Sanitation,Tamil_Nadu_scheme,The scheme aims to support Adi Dravidar/Tribal communities by providing burial grounds and pathways in areas where such facilities are not available.,- The beneficiary should be a resident of Tamil Nadu. - The beneficiary should belong to the Adi Dravidar/ Tribal communities. - The beneficiary must be residing in habitations without existing burial ground or pathway access.,- **Access to Dignified Burial Services:** Provision of land for burial grounds.,Proof of identity (Aadhar card or any other document as directed by the authority). Caste certificate (Adi Dravidar/Tribal). Address proof (residency in the concerned habitation) Any other documents (if required).,"[Offline] Step 1: The interested applicant should collect the application form from the office of the Director of Adi Dravidar (DAD) and Tribal Welfare Office (TWO) /Project Officer DRDA /Commissioner, Panchayat Union. Step 2: In the application form, fill in all the mandatory fields, paste the passport-sized photograph (signed across, if required), and attach copies of all the mandatory documents (self-attest, if required). Step 3: Submit the duly filled and signed application form along with the documents to the concerned department/ office. Step 4: Request a receipt or acknowledgment from the concerned authority to whom the application has been submitted. Ensure that the receipt contains essential details such as the date and time of submission, a unique identification number (if applicable).",,https://www.tn.gov.in/scheme/data_view/83096,https://www.myscheme.gov.in/schemes/bgpbg
Q0261,இந்த Calipers and Crutches - Tamil Nadu பற்றி தகவல் வேண்டும்,Tamil,information_request,cacbwodap,Calipers and Crutches - Tamil Nadu,Welfare of Differently Abled Persons Department,Social welfare & Empowerment,Tamil_Nadu_scheme,"The 'Calipers and Crutches by Welfare of Differently Abled Persons' scheme was launched by the Department for the Welfare of Differently Abled Persons, Tamil Nadu. In this scheme, calipers & crutches are given to the needy & deserving orthopedically differently-abled persons for their easy mobility.",1. The applicant should be an orthopedically differently abled person. 1. The applicant should be a resident of the district/area of Tamil Nadu.,- **Free distribution of calipers and crutches.**,National Identity Card of the Differently Abled Person. Any Other Documents If Required.,"[Offline] Step 1: The interested applicant should visit (during office hours) the District Differently Abled Welfare Officer and request a hard copy of the prescribed format of the application form from the staff exclusively entrusted to issue and collect filled-in applications. Step 2: In the application form, fill in all the mandatory fields, and attach copies of all the mandatory documents (self-attest, if required). Step 3: Submit the duly filled and signed application form along with the documents to the District Differently Abled Welfare Officer. Step 4: Request a receipt or acknowledgment from the District Differently Abled Welfare Officer to whom the application has been submitted. Ensure that the receipt contains essential details such as the date and time of submission, and a unique identification number (if applicable).",,https://cms.tn.gov.in/sites/default/files/documents/wda_e_cc_2022_23.pdf,https://www.myscheme.gov.in/schemes/cacbwodap
Q0266,இந்த Capital Subsidy பற்றி தகவல் வேண்டும்,Tamil,information_request,cs-tn,Capital Subsidy,Micro Small and Medium Enterprises Department,Business & Entrepreneurship,Tamil_Nadu_scheme,"""Capital Subsidy"" by the MSME Dept, Govt of Tamil Nadu, assists MSMEs in reducing their burden of capital procurement. The subsidy is provided for 25% of eligible plant and machinery costs for MSMEs, with an additional capital subsidy for MSMEs set up by Women/SC/ST/Transgender/PwD entrepreneurs.","1. All new micro manufacturing enterprises established anywhere in the state. 2. All new small and medium enterprises under following 24 thrust sectors established anywhere in the state (excluding additional capital subsidy and employment generation subsidy): _Electrical and electronic industry; Leather and leather goods; Auto parts and components; Drugs and pharmaceuticals; Solar energy equipment; Gold / Diamond jewellery for exports; Pollution control equipments; Electric Vehicle components, charging infrastructure and components; Cost-effective building material; Readymade garments; Food processing; Plastic (except ‘one-time use and throw away plastics’); Rubber; Bio Technology; Petro Chemicals and Speciality Chemicals; Medical Devices, Equipment and Components; Sports goods and accessories; Technical Textiles and Medical Textiles; Aero Space, Defence Applications and Components; Electronic System Design and Manufacturing; Alternate products for ‘one time use and throwaway plastics’; Electronic Waste Processing; Industry 4.0; Traditional Industries._ 3. All new small and medium manufacturing enterprises established in any of the 254 industrially backward blocks in the state. 4. All new agro-based small and medium manufacturing enterprises established in any of the 388 blocks in the state. 5. Existing manufacturing enterprises of the above categories which have taken up substantial expansion/diversification of the existing activities. <br> Check your Eligibility for the Scheme [here](https://www.msmeonline.tn.gov.in/incentives/know_your_eligibility.php)","- 25% capital subsidy on the value of eligible plant and machinery, subject to a maximum of ₹ 150,00,000. - Additional capital subsidy for enterprises set up by Women / Scheduled Caste / Scheduled Tribe / Differently Abled and Transgender entrepreneurs at the rate of 5% on the value of eligible plant and machinery, subject to a maximum of ₹ 5,00,000. - Additional Capital subsidy of 10% for micro-enterprises on the investment made in plant and machinery value, subjected to a maximum of ₹ 5,00,000. - All existing Micro and Small Manufacturing Enterprises set up anywhere in Tamil Nadu graduating to higher category by undertaking expansion/diversification are eligible for a 5% additional capital subsidy subject to a maximum of ₹ 25,00,000 for scaling up. - Additional Capital Subsidy at the rate of 25% of plant and machinery value installed to promote such technology subjected to a maximum of ₹ 10,00,000 for new and existing enterprises promotes cleaner and environmentally friendly technologies.","1. Copy of Udyog Aadhaar Memorandum (UAM). 2. Copy of Sanction Order from Tamil Nadu Electricity Board (T.N.E.B) for Power Supply with Copy of Meter Card. 3. Copy of Invoices, Cash Bills, and Stamped Receipt Duly Attested. 4. Certificate of Chartered Accountant (CCA) for Fixed Assets created as of the date of commencement of commercial production in the prescribed form (Annexure-A). 5. Certificate of Commencement of Commercial Production duly signed by Chartered Accountant. 6. Chartered Engineer's Certificate (CEC) for the value of the plant and machinery, specifically for self-fabricated plant and machinery items. 7. Copy of the first sale invoice raised after the commencement of Commercial Production, applicable for enterprises engaged in manufacturing on a job work basis. 8. Copy of Lease Agreement Deed executed on a stamp paper of ₹10/-, valid for a minimum period of 11 years from the date of commencement of commercial production. NOTE: The file type should be PDF (.pdf). The file size should be less than 200 kb.","[Online] *Access the User Manual for Online Application here Step 1: RegistrationVisit the Official Website/Portal of the Micro, Small, and Medium Enterprises Department of the Government of Tamil Nadu. In the top ribbon, click ""Login / Registration"". In the registration form, fill in the mandatory details accurately, Name, Date of Birth, Aadhaar Number, Email ID, and Mobile Number. Create a new password. The password must contain a minimum of 8 characters, 1 Upper Case Letter, 1 Lower Case Letter, and 1 Numeric Field. Fill in the captcha code, and click ""Register"". Step 2: LoginVisit the Login Page and click ""Login"", and then fill in the credentials received on your registered Email ID and the registered Mobile Number. Step 3: Form FillingAfter successfully logging in, hover over ""Schemes"" in the top ribbon, and then click on the concerned scheme from the dropdown. On the next page, hover over ""Apply Online"" in the top ribbon, and then click on ""New Application"" from the dropdown. Fill in all the mandatory fields of the Application Form. Carefully review all the information provided, acknowledge and agree to the terms and conditions, declaration, and privacy policy, and then click ""Proceed"". Note down the reference number appearing on the screen and then click ""Close"". Step 4: Upload DocumentsNow, hover over ""Schemes"" in the top ribbon, and then click ""Upload Documents"" from the dropdown. On the next page, provide the Application ID and click ""Submit"". On the next page, upload all the mandatory documents in the specified format and size. After uploading the documents, click ""View"" to verify the documents uploaded for correctness. Step 5: SubmissionFill in all the checkboxes appearing at the bottom of the screen and then click ""Submit Application"". The message regarding the submission of the online application to GM/DIC / RJD will be received on your mobile phone. (Optional) Step 6: Track Application Status You can check the status of your application here. The portal may provide updates via email or SMS regarding your application status. NOTE 1: The application and the documents submitted through the online portal are sufficient and there is no need to submit the hard copy of the application and documents to GM/DIC/RJD either in person or by Post. NOTE 2: The application should be submitted within 1 year from the date of commencement of commercial production. *Access the Preview of the Application Form here *Access the Sample of a Filled Application Form here",,https://www.msmetamilnadu.tn.gov.in/capital-subsidy.php,https://www.myscheme.gov.in/schemes/cs-tn
Q0271,இந்த Chief Minister Breakfast Scheme பற்றி தகவல் வேண்டும்,Tamil,information_request,tncmbs,Chief Minister Breakfast Scheme,Department of Social Welfare and Women Empowerment,Social welfare & Empowerment,Tamil_Nadu_scheme,The objective of the Tamil Nadu Chief Minister Breakfast Scheme is that Breakfast will be provided to primary school children from 1st to 5th standard studying in Government schools on all school working days.,- Benefit will be provided only to Students. - Students should be Studying in the Government of Tamil Nadu Schools. - Students of Class 1st to Class 5th will only be eligible.,**The following benefits will be provided to Students of Primary Schools under Tamil Nadu Chief Minister Breakfast Scheme:-** - Free Breakfast will be provided to all Primary School Students. - Breakfast has 13 Types of Food Items which will be distributed among Students. - Free Breakfast will be distributed daily from Monday to Friday on School Working Days. <br> **Days****Menu Type****Breakfast Food Items**MondayUppama TypeRava Uppama with Vegetable Sambhar.Vermicelli Uppama with Vegetable Sambhar.Rice Uppama with Vegetable Sambhar.Wheat Rava Uppama with Vegetable Sambhar.TuesdayKhichadi TypeRava Vegetable Kitchadi.Vermicelli Vegetable Kitchadi.Sorghum Vegetable Kitchadi.Wheat Rava Vegetable Kitchadi.WednesdayPongal TypeRava Pongal with Vegetable Sambhar.Pongal with Vegetable Sambhar.ThursdayUppama TypeVermicelli Uppama with Vegetable Sambhar.Rice Uppama with Vegetable Sambhar.Rava Uppama with Vegetable Sambhar.Wheat Rava Uppama with Vegetable Sambhar.FridaySweet TypeSweet Pongal.Rava Kesari.Vermicelli Kesari.<br>,Every Student enrolled in Tamil Nadu Government Schools from Class 1st to Class 5th are eligible for free breakfast scheme of Tamil Nadu Government. So no further documents is required to avail the benefit of Tamil Nadu Chief Minister Breakfast Scheme.,[Offline] There is no need to apply anywhere for the Tamil Nadu Government's Chief Minister Breakfast Scheme. Student will get the breakfast (scheme benefits) at their school.,,https://www.tnsocialwelfare.tn.gov.in/en/specilisationsnutritious-meal-programme/chief-ministers-breakfast-scheme,https://www.myscheme.gov.in/schemes/tncmbs
Q0276,இந்த Chief Minister Merit Award பற்றி தகவல் வேண்டும்,Tamil,information_request,cmma,Chief Minister Merit Award,Adi Dravidar and Tribal Welfare Department,Education & Learning,Tamil_Nadu_scheme,"The scheme offers ₹3,000/- per year for five years to 1000 boys and 1000 girls from SC/ST communities, based on their plus 2 public examination marks, provided they continue their education.",- The beneficiary should be a resident of Tamil Nadu. - The beneficiary should belong to the Adi Dravidar/ Tribal/ Adi Dravidar converted to Christianity communities. - The beneficiary should have passed plus 2 Public Examination. - The beneficiary should be continuing their studies after plus 2 standards.,"- **Financial Support:** ₹3,000/- per year for five consecutive years.",Proof of identity (Aadhar card or any other document as directed by the authority). Caste certificate (Adi Dravidar/ Tribal/ Adi Dravidar converted to Christian). Marksheet of plus 2 Public Examination. Proof of continuing education after 10th standard (admission or enrolment certificate). Bank account details. Any other documents (if required).,"[Offline] Step 1: The interested applicant should collect the application form from the concerned educational institution. Step 2: In the application form, fill in all the mandatory fields, paste the passport-sized photograph (signed across, if required), and attach copies of all the mandatory documents (self-attest, if required). Step 3: Submit the duly filled and signed application form along with the documents to the educational institution. Step 4: Request a receipt or acknowledgment from the concerned authority to whom the application has been submitted. Ensure that the receipt contains essential details such as the date and time of submission, and a unique identification number (if applicable).",,https://www.tn.gov.in/scheme/data_view/26772,https://www.myscheme.gov.in/schemes/cmma
Q0286,இந்த Chief Minister’s Comprehensive Health Insurance Scheme - Tamil Nadu பற்றி தகவல் வேண்டும்,Tamil,information_request,cmchis-tn,Chief Minister’s Comprehensive Health Insurance Scheme - Tamil Nadu,Welfare of Differently Abled Persons Department,Social welfare & Empowerment,Tamil_Nadu_scheme,Chief Minister Comprehensive Health Insurance Scheme launched on 23.07.2009 as kalaingar Kaappittu Thittam. Now the scheme from January 2022 to 2027 is implemented through United India Insurance Company.,"1. The applicant should be a resident of Tamil Nadu. 1. The applicant should have their name included in the family card. 1. The applicant’s family income should not exceed ₹1,20,000 per annum. 1. The applicant should submit a family card, an Aadhaar card, and an income certificate issued by VAO/Revenue Authorities, along with a self-declaration.","1. The scheme seeks to provide cashless hospitalization-specific ailments and procedures. 1. The scheme provides coverage up to ₹ 5,00,000 per family per year on a floater basis for the ailments and procedures covered under the scheme.",Ration Card. National Identity Card of the Differently Abled Person. Any Other Documents If Required.,"[Offline] Step 1: The interested applicant should visit (during office hours) the insurance office in the Collectorate and request a hard copy of the prescribed format of the application form from the staff exclusively entrusted to issue and collect filled-in applications. Step 2: In the application form, fill in all the mandatory fields and attach copies of all the mandatory documents (self-attest, if required). Step 3: Submit the duly filled and signed application form along with the documents to the District Differently Abled Welfare Officer. Step 4: Request a receipt or acknowledgement from the District Differently Abled Welfare Officer to whom the application has been submitted. Ensure that the receipt contains essential details such as the date and time of submission and a unique identification number (if applicable). HELPLINE:A 24-hour call centre has been set up at TNHSP with sufficient manpower with a toll-free helpline number 1800 425 3993. The toll-free line is competent to answer the query in Tamil.Email:tnhealthinsurance@gmail.comcmchis@uiic.co.in",,https://www.cmchistn.com/,https://www.myscheme.gov.in/schemes/cmchis-tn
Q0295,What benefits are available under Chief Minister’s Girl Child Protection Scheme-I?,English,benefit_query,cmgcpsi,Chief Minister’s Girl Child Protection Scheme-I,Department of Social Welfare and Women Empowerment,"Women and Child, Social welfare & Empowerment",Tamil_Nadu_scheme,"The 'Chief Minister’s Girl Child Protection Scheme-I' was launched by the Social Welfare and Women Empowerment Department, Govt. of Tamil Nadu. The scheme aims to provide financial assistance to girl children of poor families as well as to promote girl child education & eradicate female infanticide.","- The assistance is provided only for one girl child of the family. - The annual income of the parents of the girl child should not exceed ₹72,000/-. - One of the parents must have undergone sterilization before turning 40 years old. - The family should have only one female child and no male child. In the future, no male child should be adopted. - The parents/grandparents should be a native of Tamil Nadu by birth or continuous residence of not less than ten years at the time of applying to this scheme. - The scheme is also applicable to the girl children of Sri Lankan Tamil Refugees in the Refugee Camps in Tamil Nadu.","- A fixed deposit (FD) of ₹50,000/- in the name of the girl child (A copy of the FD receipt is given to the family). - Renewal of FD after five years. - An annual incentive of ₹1,800/- from the 6th year of the FD. - The amount deposited along with accrued interest is given to the girl child when she attains 18 years of age. **NOTE:** The matured amount will be given to the girl child only if she appears for the 10th standard public exam.","Birth Certificate (issued by Corporation/Taluk Office/ Municipality Office). Parent's age proof (Birth Certificate/School Certificate/Government Doctor's Certificate). Sterilisation Certificate (issued by Government/Private Hospital). Income Certificate (issued by Taluk Office). No Male Child Certificate (issued by Extension Officer (SW), Rural Welfare Officer, or Supervisor/ Taluk Office (Chennai District only)). Residential Certificate (issued by Tahsildar). Community Certificate (issued by the Revenue Department).","[Online - via CSC] Step 1: The applicant should gather copies of the necessary documents needed to apply for the concerned scheme. Step 2: The applicant should visit the nearest Common Service Center (CSC) and complete the Biometric Verification Process. Step 3: In the application form, fill in all the mandatory fields and upload copies of all the mandatory documents. Step 4: Request a receipt or acknowledgment from the CSC. Ensure that the receipt contains essential details such as the date and time of submission, and a unique identification number (if applicable). NOTE: The Parents/grandparents should be a domicile of Tamil Nadu for 10 years at the time of applying to this scheme). Deadline for Application:The application should be submitted before the child completes 3 years of age.",,https://cms.tn.gov.in/sites/default/files/documents/swwe_e_cc_2022_23.pdf,https://www.myscheme.gov.in/schemes/cmgcpsi
Q0297,Chief Minister’s Girl Child Protection Scheme-II epdi apply panradhu?,Tanglish,application_help,cmgcpsii,Chief Minister’s Girl Child Protection Scheme-II,Department of Social Welfare and Women Empowerment,"Women and Child, Social welfare & Empowerment",Tamil_Nadu_scheme,"The ""Chief Minister’s Girl Child Protection Scheme-I"" was launched by the Social Welfare and Women Empowerment Department, Govt. of Tamil Nadu. The scheme aims to provide financial assistance to girl children of poor families as well as to promote girl child education & eradicate female infanticide.","- The assistance is provided only for two girl children of the family. - The annual income of the parents of the girl child should not exceed ₹72,000/-. - One of the parents must have undergone sterilization before turning 40 years old. - The family should have only one female child and no male child. In the future, no male child should be adopted. - The parents/grandparents should be a native of Tamil Nadu by birth or continuous residence of not less than ten years at the time of applying to this scheme. - The scheme is also applicable to the girl children of Sri Lankan Tamil Refugees in the Refugee Camps in Tamil Nadu.","- A fixed deposit (FD) of ₹25,000/- each in the name of the two girl children (A copy of the FD receipt is given to the family). - Renewal of FD after five years. - An annual incentive of ₹1,800/- from the 6th year of the FD. - The amount deposited along with accrued interest is given to the girl child when she attains 18 years of age. **NOTE:** The matured amount will be given to the girl child only if she appears for the 10th standard public exam.","Birth Certificate (issued by Corporation/Taluk Office/ Municipality Office). Parent's age proof (Birth Certificate/School Certificate/Government Doctor's Certificate). Sterilization Certificate (issued by Government/Private Hospital). Income Certificate (issued by Taluk Office). No Male Child Certificate (issued by Extension Officer (SW), Rural Welfare Officer, or Supervisor/ Taluk Office (Chennai District only)). Residential Certificate (issued by Tahsildar). Community Certificate (issued by the Revenue Department).","[Online - via CSC] Step 1: The applicant should gather copies of the necessary documents needed to apply for the concerned scheme. Step 2: The applicant should visit the nearest Common Service Center (CSC) and complete the Biometric Verification Process. Step 3: In the application form, fill in all the mandatory fields and upload copies of all the mandatory documents. Step 4: Request a receipt or acknowledgment from the CSC. Ensure that the receipt contains essential details such as the date and time of submission, and a unique identification number (if applicable). NOTE: The Parents/grandparents should be a domicile of Tamil Nadu for 10 years at the time of applying). Deadline for ApplicationThe application should be submitted before the second child completes 3 years of age.",,https://cms.tn.gov.in/sites/default/files/documents/swwe_e_cc_2022_23.pdf,https://www.myscheme.gov.in/schemes/cmgcpsii
Q0304,Chief Minister’s Solar Rooftop Capital Incentive Scheme ku eligibility enna?,Tanglish,eligibility_query,cmsrcis,Chief Minister’s Solar Rooftop Capital Incentive Scheme,Energy Department,Utility & Sanitation,Tamil_Nadu_scheme,"Chief Minister’s Solar Rooftop Capital Incentive Scheme is a capital subsidy scheme by the Tamil Nadu Government. In this scheme, a capital subsidy of ₹ 20,000 per kilowatt is provided for grid-connected domestic solar PV systems in addition to the 30% subsidy scheme* of the MNRE.","**Eligibility for Consumer** The scheme is open to applicants from individual homes/flats and residential flats, having an electricity connection. <br> **Eligibility for Vendor / Installer** Qualified Solar Installers empanelled by the Tamil Nadu Energy Development Agency through a tendering system under this scheme (www.teda.in/pdf/CIS_INSTALLERS.pdf)","A capital subsidy of ₹ 20,000 per kilowatt for grid-connected domestic solar PV systems in addition to the 30% subsidy scheme* of the Ministry of New and Renewable Energy (MNRE) of the Government of India. For individual homes/flats, the solar system capacity shall be 1 kW. For the residential flats solar system capacities of 5 kW, 10 kW, and multiples thereof can be applied for common usage as a group application. (* limited to 30% of MNRE benchmark cost or 30% of the project cost, whichever is less) You may opt for any capacity out of 1, 2, 5 & 10 kWp, but the subsidy will be limited to 1kWp per house / flat. A grid-connected photovoltaic power system will reduce the power bill due to the import and export of power through net metering provision. Illustration: someone imports (consumes) 1,000 kWh from the grid and exports 600 kWh to the grid in a billing cycle. The energy bill will be for 400 kWh (1000 kWh – 600 kWh) accounted by Netmeter. Grid-connected PV systems do not require batteries. Batteries are costly require periodic maintenance and also lead to the wastage of 15 – 20 % of energy in storage and retrieval. Grid-connected PV systems are much easier to operate and maintain. Segregation of load is not required.","Duly filled out online application form. Proof of possession of premises such as ownership document or lease agreement. Proof of Identity (Aadhaar Card, Voter ID Card, or Passport) Proof of address such as electricity bill, telephone bill, or ration card. Site plan and building layout plan indicating the location of the solar rooftop system. Structural stability certificate from a structural engineer. NOC from the electricity distribution company. Details of the solar rooftop system such as technical specifications, warranty, and performance guarantee. Proof of payment for the solar rooftop system. Bank account details for the transfer of the capital subsidy. Any other document as required by TEDA.","[Online] Step 1: Visit the official website of TEDA and click on the “Solar Rooftop” tab. Step 2: Click on the “Apply Online” button to access the online application form. Step 3: Fill in the required details in the online application form such as personal information, contact details, and project details. Step 4: Upload the required documents such as proof of possession, proof of identity, site plan, building layout plan, and other documents. Step 5: Review the application form and documents before submitting them. Step 6: Click on the “Submit” button to submit the application form and documents to TEDA. Post Application Steps Step 1: After submission, the application will be processed by TEDA and a response will be sent to the registered email address. Step 2: If the application is approved, TEDA will provide the capital subsidy to the bank account specified in the application. Step 3: The applicant can then proceed with the installation of the solar rooftop system as per the specifications provided in the application. Step 4: After the installation is completed, the applicant can claim the subsidy by submitting the completion certificate and other documents to TEDA. Step 5: TEDA will verify the installation and release the subsidy to the applicant's bank account.",,http://www.teda.in/pdf/CIS_Individual.pdf,https://www.myscheme.gov.in/schemes/cmsrcis
Q0309,Child Adoption - Tamil Nadu ku eligibility enna?,Tanglish,eligibility_query,catn,Child Adoption - Tamil Nadu,Department of Social Welfare and Women Empowerment,"Women and Child, Social welfare & Empowerment",Tamil_Nadu_scheme,"The ""Child Adoption - Tamil Nadu"" scheme aims to provide a family for orphaned, abandoned, destitute and neglected children. According to Central Adoption Resource Authority (CARA), “adoption is a process by which a child who is abandoned/separated from biological parents, becomes the legitimate.","1. The parents must have at least two years of a stable marital relationship. 1. The single prospective adoptive parents should be between 30-55 years of age. 1. An unmarried/single male persons are not eligible to adopt a girl child. 1. The parents should have adequate financial resources to upbring the child. 1. Age Criteria: - **For a child up to 4 years old:** 1. Maximum composite age of the Prospective Adoptive Parents: 90 years. 1. For a single Prospective Adoptive Parent: Minimum age 25 years, maximum age 45 years. - **For a child above 4 years up to 8 years old:** 1. Maximum composite age of the Prospective Adoptive Parents: 100 years. 1. For a single Prospective Adoptive Parent: Minimum age 25 years, maximum age 50 years. - **For a child above 8 years up to 18 years old:** 1. Maximum composite age of the Prospective Adoptive Parents: 110 years. 1. For a single Prospective Adoptive Parent: Minimum age 25 years, maximum age 55 years. <br> <br> <br> <br>","- Accommodation, food, and health care to the babies till they are given in adoption. - A family to the destitute child and a child to childless parents. > **Special concessions are given to female government employees to adopt children:** - Special adoption leave of 270 days is extended to female government servants of the state government who adopt a child below one year. The leave is eligible only from the date of legalization of adoption.",PAN Card/Passport. Proof of Residence (Aadhaar Card/Voter ID card/Passport /Driving License/ Electricity Card). Proof of Income of Last Year (Pay Bill/ Income Tax Certificate). Copy of Marriage Certificate & Photograph. Copy of Birth Certificate of the Prospective Adoptive Parents. Medical Certificate. Letter of Identification (from their friends/relatives).,"[Offline] Step 1: The interested applicant should visit (during office hours) the office State Adoption Resource Agency/Directorate of Social Defence/Concerned Probation Officer and request a hard copy of the prescribed format of the application form from the concerned staff. Step 2: In the application form, fill in all the mandatory fields, paste the passport-sized photograph (signed across, if required), and attach copies of all the mandatory documents (self-attest, if required). Step 3: Submit the duly filled and signed application form along with the documents to the State Adoption Resource Agency/Directorate of Social Defence/Concerned Probation Officer. Step 4: Request a receipt or acknowledgment from the concerned authority to whom the application has been submitted. Ensure that the receipt contains essential details such as the date and time of submission, and a unique identification number (if applicable).",,https://cms.tn.gov.in/sites/default/files/documents/swwe_e_cc_2022_23.pdf,https://www.myscheme.gov.in/schemes/catn
Q0313,What documents are needed for Concession in Railway Travel?,English,document_help,iocfortc,Concession in Railway Travel,Art and Culture Department,"Social welfare & Empowerment, Sports & Culture, Transport & Infrastructure",Tamil_Nadu_scheme,"The scheme ""Concession in Railway Travel"" was launched by the Dept. of Art & Culture, Tamil Nadu. Under the scheme, individual artists and troupes are allowed to travel in the train on concession by the Railways. A concession certificate will be issued by Mandram.",- The applicant should be an individual artist or a troupe consisting of more than three artists. - The applicant should undertake the journey by train. - The purpose of the journey should be to deliver a cultural performance (public programme) in the outstation. - The distance between the place from which the cultural troupe is to start and the place of performance should be beyond 300 km as fixed by the Indian Railways.,- 75% concession in Second Class Fare. - 50% concession in First Class Fare.,"Bio-Data of the Artist. Proof of Identity. Train Ticket. Confirmation letter obtained from the programme organizer or advertisement details. Any other document, required by the Department.","[Offline] The advertisement is published in the newspapers, calling for applications by the Tamil Nadu Eyal Isai Nataka Mandram. Step 1: The interested applicant should visit (during office hours) the office Mandram and request a hard copy of the prescribed format of the application form from the concerned staff. Step 2: In the application form, fill in all the mandatory fields, paste the passport-sized photograph (signed across, if required), and attach copies of all the mandatory documents (self-attest, if required). Step 3: Submit the duly filled and signed application form along with the documents to the Tamil Nadu Eyal Isai Nataka Mandram. Step 4: Request a receipt or acknowledgement from the concerned authority to whom the application has been submitted. Ensure that the receipt contains essential details such as the date and time of submission, and a unique identification number (if applicable).",,https://www.tn.gov.in/rti/proactive/inftour/handbook_artculture.pdf,https://www.myscheme.gov.in/schemes/iocfortc
Q0329,Destitute Differently Abled Pension Scheme ku eligibility enna?,Tanglish,eligibility_query,ddaps,Destitute Differently Abled Pension Scheme,Social Welfare and Nutritious Meal Programme Department,"Social welfare & Empowerment, Women and Child",Tamil_Nadu_scheme,"The ""Destitute Differently Abled Pension Scheme"" was launched by the Social Welfare and Nutritious Meal Programme Department, Government of Tamil Nadu. The scheme aims to give a pension of ₹1,000/- to destitute differently-abled persons aged 45 years and above with disability level of 60% and above.",1. The applicant should be a hearing and speech-impaired person. 1. The applicant&#39;s age should be 45 years and above. 1. The applicant should have a disability of 60% or above. 1. The applicant should not have any source of income or means of subsistence to support. 1. The applicant should not be a habitual beggar. 1. The applicant should not be supported by a son or son&#39;s son aged 20 years or above. 1. The applicant should not possess property valued at more than ₹5000/-. <br>,"**Pension:** - ₹1,000/- per month. **Free Clothes during Pongal and Deepavali:** - One free dhoti to a male pensioner. - One free saree to a female pensioner. **Free Rice in Anganwadi Centres:** - 2kg/month to those who are taking nutritious meal. - 4kg/month to those who are not taking nutritious meal.",Aadhaar Card. Proof of age. Bank Passbook. Disability Certificate. Any other document if required.,"[Offline] Step 1: The interested applicant should visit (during office hours) the Special Tahsildar/Village Administrative Officer and request a hard copy of the prescribed format of the application form from the staff exclusively entrusted to issue and collect filled-in applications. OR The interested applicant should apply scheme with a white paper. Step 2: In the application form, fill in all the mandatory fields, and attach copies of all the mandatory documents (self-attest, if required). Step 3: Submit the duly filled and signed application form along with the documents to the Special Tahsildar/Village Administrative Officer. Step 4: Request a receipt or acknowledgment from the Special Tahsildar/Village Administrative Officer to whom the application has been submitted. Ensure that the receipt contains essential details such as the date and time of submission, and a unique identification number (if applicable).",,https://cms.tn.gov.in/sites/default/files/whatsnew/socialwelfare.pdf,https://www.myscheme.gov.in/schemes/ddaps
Q0332,Destitute Widow Pension Scheme epdi apply panradhu?,Tanglish,application_help,dwps,Destitute Widow Pension Scheme,Department of Social Welfare and Women Empowerment,"Women and Child, Social welfare & Empowerment",Tamil_Nadu_scheme,"'Destitute Widow Pension Scheme' was launched by the Social Welfare and Women Empowerment Dept, Tamil Nadu. A pension of ₹1,000 is provided to destitute widows who are 18 years and above in age. One free saree during Pongal and Deepavali and free rice in the Anganwadi Centres are also provided.","1. The applicant should be a widow. 1. The applicant should be destitute. 1. The applicant&#39;s age should be 18 years and above. 1. The applicant&#39;s fixed assets should not exceed ₹1,00,000/-.","**Pension:** - ₹1,000/- per month. **Free Clothes during Pongal and Deepavali:** - One free saree. **Free Rice in Anganwadi Centres:** - 2kg/month to those who are taking nutritious meals. - 4kg/month to those who are not taking nutritious meals.","Applicant's Photo. Aadhaar Card. Proof of Age. Aadhaar Consent Form. Smart Ration Card or Any Address Proof. Husband Death Certificate. Self–declaration of Applicant. Widow Certificate. Any Identity Proof (Voter ID Card, Passport, PAN Card, Driving License). Bank Passbook.","[Online - via CSC] Step 1: The applicant should gather copies of the necessary documents needed to apply for the concerned scheme. Step 2: The applicant should visit the nearest Common Service Center (CSC) and complete the Biometric Verification Process. Step 3: In the application form, fill in all the mandatory fields and upload copies of all the mandatory documents. Step 4: Request a receipt or acknowledgement from the concerned authority to whom the application has been submitted. Ensure that the receipt contains essential details such as the date and time of submission, and a unique identification number (if applicable).",,https://cms.tn.gov.in/sites/default/files/documents/swwe_e_cc_2022_23.pdf,https://www.myscheme.gov.in/schemes/dwps
Q0345,What benefits are available under Differently Abled Pension Scheme?,English,benefit_query,daps,Differently Abled Pension Scheme,Department of Social Welfare and Women Empowerment,Social welfare & Empowerment,Tamil_Nadu_scheme,"The 'Differently Abled Pension Scheme' aims to provide a pension of ₹1,000/- to differently-abled persons with disability level 40% and above. The scheme provides other benefits every year during the Pongal and Deepavali festival saree, dhoti and a nutritious meal is supplied through Anganwadi.","1. The applicant should be 18 years or above in age. 1. The applicant should have a disability of 40% or above. 1. The applicant should not be employed in government or government-affiliated organizations. 1. If the applicant is employed permanently in the private sector institutions and drawing monthly salaries, OR if the applicant is self-employed, his/her income should not exceed ₹ 3,00,000/- per annum.","**Pension:** - ₹1,000/- per month. **Free Clothes during Pongal and Deepavali:** - One free dhoti to a male pensioner. - One free saree to a female pensioner. **Free Rice in Anganwadi Centres:** - 2kg/month to those who are taking nutritious meal. - 4kg/month to those who are not taking nutritious meal.","Applicant's Photo. Aadhaar Card. Proof of Age. Aadhaar Consent Form. Smart Ration Card or Any Address Proof. Self–declaration of Applicant. Any Identity Proof (Voter ID Card, Passport, PAN Card, Driving License (Optional)). Bank Passbook. Differently Abled ID card.","[Online - via CSC] Step 1: The applicant should gather copies of the necessary documents needed to apply for the concerned scheme. Step 2: The applicant should visit the nearest Common Service Center (CSC) and complete the Biometric Verification Process. Step 3: In the application form, fill in all the mandatory fields and upload copies of all the mandatory documents. Step 4: Request a receipt or acknowledgment from the concerned authority to whom the application has been submitted. Ensure that the receipt contains essential details such as the date and time of submission, and a unique identification number (if applicable).",,https://cms.tn.gov.in/sites/default/files/documents/swwe_e_cc_2022_23.pdf,https://www.myscheme.gov.in/schemes/daps
Q0347,Distress Relief Scheme epdi apply panradhu?,Tanglish,application_help,drs,Distress Relief Scheme,Social Welfare and Nutritious Meal Programme Department,Social welfare & Empowerment,Tamil_Nadu_scheme,"The ""Distress Relief Scheme"" was launched by the Social Welfare and Nutritious Meal Programme Department, Government of Tamil Nadu. The scheme's objective is to provide financial assistance of ₹20,000/- to the BPL households on the death of their primary breadwinner (male or female).","1. The applicant should be the legal heir of the deceased primary breadwinner. 2. The family of the applicant should be solely dependent on agriculture (agricultural labourers/ small and marginal farmers). OR The annual income of the family should not exceed ₹24,000/-. 3. The family should be from the &quot;Below Poverty Line&quot; category.","Financial Assistance of ₹20,000/-.",Copy of Ration card. Copy of Aadhaar Card. Breadwinner Death Certificate (attested by the Panchayat President).,"[Offline] Step 1: The interested applicant should visit (during office hours) the district office of the Tahsildars and request a hard copy of the prescribed format of the application form from the staff exclusively entrusted to issue and collect filled-in applications. Step 2: In the application form, fill in all the mandatory fields, and attach copies of all the mandatory documents (self-attest, if required). Step 3: Submit the duly filled and signed application form along with the documents to the District Collector/Special Deputy Collector/Special Tahsildar. Step 4: Request a receipt or acknowledgement from the Tahsildars to whom the application has been submitted. Ensure that the receipt contains essential details such as the date and time of submission, and a unique identification number (if applicable). Application Deadline:Applications should be submitted within six months from the date of death of the breadwinner and will not be normally considered if delayed beyond this period.",,https://www.tnsocialwelfare.tn.gov.in/website-345/sites/default/files/2022-01/citizen_chart_2017_18.pdf,https://www.myscheme.gov.in/schemes/drs
Q0351,இந்த Distribution of Certified Seeds of Maize பற்றி தகவல் வேண்டும்,Tamil,information_request,docsom,Distribution of Certified Seeds of Maize,Agriculture Department,"Agriculture,Rural & Environment",Tamil_Nadu_scheme,"The ""Distribution of Certified Seeds of Maize"" scheme by the Agriculture-Farmers Welfare Department, Tamil Nadu offers a subsidy to maize-growing farmers in specific districts of the state, providing financial assistance for purchasing certified maize seeds.","- The beneficiary should be a Farmer. - The beneficiary should be a resident of Tamil Nadu. - The beneficiary should be growing maize in the specified districts of Tamil Nadu: Coimbatore, Dindigul, Erode, Dharmapuri, Krishnagiri, Namakkal, Perambalur, Virudhunagar, Theni, Villupuram, Vellore, Salem, Pudukkottai, Madurai, Sivagangai, Trichy, Tirunelveli, and Thoothukudi. &gt; **Note:** Preference will be given to Small/Marginal farmers 24% flow to SC/ST farmers will be ensured 20% flow to women farmers/ women groups.","- **Subsidy on Certified Seeds:** Farmers can receive 50% of the cost of certified maize seeds, with a cap of ₹1,200/- per quintal, whichever is less.","Proof of identity (Aadhaar card, Voter ID, etc.). Proof of land ownership or tenancy. Recent photograph. Caste certificate (for SC/ST applicants). Documents proving membership in women’s groups (if applicable). Bank account details. Any other documents (if required).","[Offline] Step 1: Collect the application form from the nearest Agricultural Office. Step 2: Fill out the application form with the required details and attach mandatory documents (self-attested, if required). Step 3: Submit the form to the concerned office: Village Level: Submit the application to the Assistant Agricultural Officer.Block Level: Submit to the Agricultural Officer or Deputy Agricultural Officer.District Level: Submit to the Joint Director of Agriculture.",,https://www.tn.gov.in/scheme/data_view/6853,https://www.myscheme.gov.in/schemes/docsom
Q0359,Distribution of Certified Seeds-Oil Seeds ku eligibility enna?,Tanglish,eligibility_query,docsos,Distribution of Certified Seeds-Oil Seeds,Agriculture Department,"Agriculture,Rural & Environment",Tamil_Nadu_scheme,"The ""Distribution of Certified Seeds-Oil Seeds"" scheme offers subsidies to farmers for purchasing certified oil seeds, helping them improve their crop yield and quality.",- The beneficiary should be a Farmer. - The beneficiary should be a resident of Tamil Nadu. - The beneficiary should produce and supply Foundation and Certified Class seeds to the Department. &lt;br&gt;,"- **Financial Assistance:** Subsidy of 50% of the seed cost or ₹1,200/- per quintal, whichever is less. <br>","Proof of identity (e.g., Aadhaar card, Voter ID). Proof of land ownership or cultivation. Seed purchase receipt. Certificate of seed production and supply to the Department. Bank account details. Any other documents (if required).","[Offline] Step 1: Collect the application form from the nearest Agricultural Office. Step 2: Fill out the application form with the required details and attach mandatory documents (self-attested, if required). Step 3: Submit the form to the concerned office: Village Level: Submit the application to the Assistant Agricultural Officer.Block Level: Submit to the Agricultural Officer or Deputy Agricultural Officer.District Level: Submit to the Joint Director of Agriculture.",,https://www.tn.gov.in/scheme/data_view/7613,https://www.myscheme.gov.in/schemes/docsos
Q0362,Distribution of Gypsum-Oil Seeds epdi apply panradhu?,Tanglish,application_help,dogos,Distribution of Gypsum-Oil Seeds,Agriculture Department,"Agriculture,Rural & Environment",Tamil_Nadu_scheme,"The ""Distribution of Gypsum-Oil Seeds"" scheme provides a subsidy on the cost of gypsum material and transportation cost, to farmers who produce and supply Foundation and Certified Class seeds.",- The beneficiary should be a Farmer. - The beneficiary should be a resident of Tamil Nadu. - The beneficiary should be engaged in seed production. - The beneficiary should produce and supply Foundation and Certified Class seeds to the Department.,**Financial Assistance:** 50% of the cost of material plus transport limited to ₹750/- per ha whichever is less.,"Identity Proof (e.g., Aadhar Card) Proof of Land Ownership/Lease Agreement Certificate of seed production and supply to the Department (Foundation/Certified Class). Bank account details. Any other documents (if required).","[Offline] Step 1: Collect the application form from the nearest Agricultural Office. Step 2: Fill out the application form with the required details and attach mandatory documents (self-attested, if required). Step 3: Submit the form to the concerned office: Village Level: Submit the application to the Assistant Agricultural Officer.Block Level: Submit to the Agricultural Officer or Deputy Agricultural Officer.District Level: Submit to the Joint Director of Agriculture.",,https://www.tn.gov.in/scheme/data_view/7618,https://www.myscheme.gov.in/schemes/dogos
Q0368,What documents are needed for Distribution of Iron Boxes at Free of Cost?,English,document_help,dibafc,Distribution of Iron Boxes at Free of Cost,Backward Classes Most Backward Classes and Minorities Welfare Department,Social welfare & Empowerment,Tamil_Nadu_scheme,"The scheme provides complimentary iron boxes to support individuals from Backward Classes (BC), Most Backward Classes (MBC), and Denotified Communities (DNCs) engaged in washing work, aiming to improve their livelihood.","1. The beneficiary should be a resident of Tamil Nadu. 1. The beneficiary should belong to Backward Classes (BC)/ Most Backward Classes (MBC)/ and Denotified Communities (DNCs). 1. The beneficiary should be engaged in washing work. 1. Annual income should not exceed ₹40,000/- in rural areas and ₹60,000/- in urban areas.",- Free provision of iron boxes to eligible individuals. &lt;br&gt;,"Identity proof (Aadhaar, PAN card, etc.). Proof of community (BC/MBC/DNC certificate). Income certificate. Proof of residence (Aadhaar, Voter ID, etc.). Proof of occupation (if applicable). Any other documents (if required).","[Offline] Step-1: The interested applicant should collect the application form by contacting the District Backward Classes and Minorities Welfare Officer of the concerned District. Step-2: In the application form, fill in all the mandatory fields, paste the passport-sized photograph (signed across, if required), and attach copies of all the mandatory documents (self-attest, if required). Step-3: Submit the duly filled and signed application form along with the documents to the concerned authority. Step-4: Request a receipt or acknowledgment from the concerned authority to whom the application has been submitted. Ensure that the receipt contains essential details such as the date and time of submission, a unique identification number (if applicable).",,https://www.bcmbcmw.tn.gov.in/welfschemes.htm,https://www.myscheme.gov.in/schemes/dibafc
Q0375,What benefits are available under Distribution of Manually Operated Plant Protection Equipment?,English,benefit_query,domoppe,Distribution of Manually Operated Plant Protection Equipment,Agriculture Department,"Agriculture,Rural & Environment",Tamil_Nadu_scheme,"The ""Distribution of Manually Operated Plant Protection Equipment"" scheme provides farmers with a subsidy of 50% on the cost of equipment to enhance agricultural practices.",- The beneficiary should be a Farmer. - The beneficiary should be a resident of Tamil Nadu. - The beneficiary should raise seed farms with Pulses crop.,- **Financial Assistance:** A subsidy of 50% on the cost of equipment or ₹800/- whichever is less.,"Proof of Identity (Aadhar Card, Voter ID, etc.). Proof of Land Ownership. Proof of Seed Farm with Pulses Crop. Bill or receipt of purchased equipment(s). Caste Certificate (for SC/ST applicants). Proof of being a Farm Woman (if applicable). Bank Account Details. Any other documents (if required).","[Offline] Step 1: Collect the application form from the nearest Agricultural Office. Step 2: Fill out the application form with the required details and attach mandatory documents (self-attested, if required). Step 3: Submit the form to the concerned office: Village Level: Submit the application to the Assistant Agricultural Officer.Block Level: Submit to the Agricultural Officer or Deputy Agricultural Officer.District Level: Submit to the Joint Director of Agriculture.",,https://www.tn.gov.in/scheme/data_view/7070,https://www.myscheme.gov.in/schemes/domoppe
Q0378,What documents are needed for Distribution of Minikits At Free of Cost?,English,document_help,domafoc,Distribution of Minikits At Free of Cost,Agriculture Department,"Agriculture,Rural & Environment",Tamil_Nadu_scheme,"The ""Distribution of Minikits at Free of Cost"" scheme provides subsidies for minikits to maize-growing farmers in some of the selected districts of Tamil Nadu.","- The beneficiary should be a Farmer. - The beneficiary should be a resident of any of the following districts of Tamil Nadu: Coimbatore, Dindigul, Erode, Dharmapuri, Krishnagiri, Namakkal, Perambalur, Virudhunagar, Theni, Villupuram, Vellore, Salem, Pudukkottai, Madurai, Sivagangai, Trichy, Tirunelveli and Thoothukudi. - The beneficiary should be involved in maize cultivation.",- **Quantum of Assistance:** Subsidy for Minikits. <br>,"Proof of Identity (Aadhar Card, Voter ID, etc.). Proof of Land Ownership. Proof of maize cultivation. Caste Certificate (for SC/ST applicants). Proof of being a Farm Woman (if applicable). Bank Account Details. Any other documents (if required).","[Offline] Step 1: Collect the application form from the nearest Agricultural Office. Step 2: Fill out the application form with the required details and attach mandatory documents (self-attested, if required). Step 3: Submit the form to the concerned office: Village Level: Submit the application to the Assistant Agricultural Officer.Block Level: Submit to the Agricultural Officer or Deputy Agricultural Officer.District Level: Submit to the Joint Director of Agriculture.",,https://www.tn.gov.in/scheme/data_view/6855,https://www.myscheme.gov.in/schemes/domafoc
Q0382,Distribution of Nuclear Poly Hedrosis Virus epdi apply panradhu?,Tanglish,application_help,donpv,Distribution of Nuclear Poly Hedrosis Virus,Agriculture Department,"Agriculture,Rural & Environment",Tamil_Nadu_scheme,"The ""Distribution of Nuclear Poly Hedrosis Virus"" scheme provides subsidies for the distribution of Nuclear Poly Hedrosis Virus (NPV) to farmers raising seed farms with Pulses crops.",- The beneficiary should be a Farmer. - The beneficiary should be a resident of Tamil Nadu. - The beneficiary should raise seed farms with Pulses crops.,- **Quantum of Assistance:** 50% cost of input limited to ₹250/- per hectare. <br>,"Proof of Identity (Aadhar Card, Voter ID, etc.). Proof of Land Ownership. Proof of Pulses crop cultivation. Caste Certificate (for SC/ST applicants). Bank Account Details. Any other documents (if required).","[Offline] Step 1: Collect the application form from the nearest Agricultural Office. Step 2: Fill out the application form with the required details and attach mandatory documents (self-attested, if required). Step 3: Submit the form to the concerned office: Village Level: Submit the application to the Assistant Agricultural Officer.Block Level: Submit to the Agricultural Officer or Deputy Agricultural Officer.District Level: Submit to the Joint Director of Agriculture.",,https://www.tn.gov.in/scheme/data_view/7078,https://www.myscheme.gov.in/schemes/donpv
Q0395,What benefits are available under Distribution of Rhizobium Packets-Oilseeds?,English,benefit_query,dorpo,Distribution of Rhizobium Packets-Oilseeds,Agriculture Department,"Agriculture,Rural & Environment",Tamil_Nadu_scheme,"The “Distribution of Rhizobium Packets-Oilseeds” scheme provides a subsidy on the cost of Rhizobium, to eligible farmers who produce and supply Foundation and Certified Class seeds.",- The beneficiary should be a Farmer. - The beneficiary should be a resident of Tamil Nadu. - The beneficiary should produce and supply Foundation and Certified Class seeds to the Department. &lt;br&gt;,- **Quantum of Assistance:** 50% on the cost of Rhizobium or ₹100/- per ha. whichever is less. <br>,"Proof of Identity (Aadhar Card, Voter ID, etc.). Proof of Land Ownership. Certificate of seed production and supply to the Department. Bank Account Details. Any other documents (if required).","[Offline] Step 1: Collect the application form from the nearest Agricultural Office. Step 2: Fill out the application form with the required details and attach mandatory documents (self-attested, if required). Step 3: Submit the form to the concerned office: Village Level: Submit the application to the Assistant Agricultural Officer.Block Level: Submit to the Agricultural Officer or Deputy Agricultural Officer.District Level: Submit to the Joint Director of Agriculture.",,https://www.tn.gov.in/scheme/data_view/7616,https://www.myscheme.gov.in/schemes/dorpo
Q0399,Distribution of Sewing Machines at Free of Cost ku eligibility enna?,Tanglish,eligibility_query,dsmfc,Distribution of Sewing Machines at Free of Cost,Backward Classes Most Backward Classes and Minorities Welfare Department,"Social welfare & Empowerment, Business & Entrepreneurship",Tamil_Nadu_scheme,"The scheme provides sewing machines to support individuals from Backward Classes (BC), Most Backward Classes (MBC), and Denotified Communities (DNCs) engaged in tailoring work, aiming to improve their livelihood opportunities.","- The beneficiary should be a resident of Tamil Nadu. - The beneficiary should belong to Backward Classes (BC)/ Most Backward Classes (MBC)/ and Denotified Communities (DNCs). - The beneficiary should possess tailoring knowledge. - Annual income should not exceed ₹40,000/- in rural areas and ₹60,000/- in urban areas. - The beneficiary should be between 20-45 years of age. &lt;br&gt;",- Free provision of Sewing Machines to eligible individuals. &lt;br&gt;,"Identity proof (Aadhaar, PAN card, etc.). Proof of community (BC/MBC/DNC certificate). Income certificate. Age proof (Birth certificate, SSLC mark sheet, etc.) Certificate or documentation verifying tailoring knowledge. Any other documents (if required).","[Offline] Step-1: The interested applicant should collect the application form by contacting the District Backward Classes and Minorities Welfare Officer of the concerned District. Step-2: In the application form, fill in all the mandatory fields, paste the passport-sized photograph (signed across, if required), and attach copies of all the mandatory documents (self-attest, if required). Step-3: Submit the duly filled and signed application form along with the documents to the concerned authority. Step-4: Request a receipt or acknowledgment from the concerned authority to whom the application has been submitted. Ensure that the receipt contains essential details such as the date and time of submission, a unique identification number (if applicable).",,https://www.bcmbcmw.tn.gov.in/welfschemes.htm,https://www.myscheme.gov.in/schemes/dsmfc
Q0406,"இந்த District Central Cooperative Banks and through its Branches: For Consumer Durables T.V., Fridge and Two Wheelers Loan பற்றி தகவல் வேண்டும்",Tamil,information_request,dccbfcd,"District Central Cooperative Banks and through its Branches: For Consumer Durables T.V., Fridge and Two Wheelers Loan","Co-operation, Food and Consumer Protection Department","Banking,Financial Services and Insurance",Tamil_Nadu_scheme,"A loan scheme provided by District Central Cooperative Banks for purchasing consumer durables like T.V., fridges, and two-wheelers. Loan covers 75% of the product cost at an interest rate of 14%.","- The beneficiary should be a resident of Tamil Nadu. - Loans should be applicable only for Consumer durables such as T.V., Fridge and two wheelers. &lt;br&gt;",- **Access to Loan:** 75% of the cost of consumer durables. - **Interest Rate:** 14% (subject to change). &lt;br&gt;,"Identity proof (Aadhaar, PAN card, etc.). Address proof. Product cost estimate or invoice. Any other documents (if required).","[Offline] Step-1: The interested applicant should collect the application form from the District Central Cooperative Banks or its branches. Step-2: In the application form, fill in all the mandatory fields, paste the passport-sized photograph (signed across, if required), and attach copies of all the mandatory documents (self-attest, if required). Step-3: Submit the duly filled and signed application form along with the documents to the concerned authority.. Step-4: Request a receipt or acknowledgment from the concerned authority to whom the application has been submitted. Ensure that the receipt contains essential details such as the date and time of submission, a unique identification number (if applicable).",,https://www.tn.gov.in/scheme/data_view/3574,https://www.myscheme.gov.in/schemes/dccbfcd
Q0412,"District Central Cooperative Banks and through its Branches: For Housing, House Construction, Repair Extension Loan epdi apply panradhu?",Tanglish,application_help,dccbfhl,"District Central Cooperative Banks and through its Branches: For Housing, House Construction, Repair Extension Loan","Co-operation, Food and Consumer Protection Department","Banking,Financial Services and Insurance",Tamil_Nadu_scheme,"The scheme offers loans up to ₹10,00,000/- for housing, house construction, and repair/extension purposes, at a 12% interest rate to provide financial aid to citizens for housing needs.",- The beneficiary should be a resident of Tamil Nadu. - Loans should be applicable only for Housing/ House Construction/ Repair Extension. &lt;br&gt;,"- **Access to Loan:** Up to ₹10,00,000/-. - **Interest Rate:** 12% (subject to change).","Identity proof (Aadhaar, PAN card, etc.). Address proof. Property Documents (Proof of ownership/ Property Deed, etc.) Any other documents (if required).","[Offline] Step 1: The interested applicant should collect the application form from the District Central Cooperative Banks or its branches. Step 2: In the application form, fill in all the mandatory fields, paste the passport-sized photograph (signed across, if required), and attach copies of all the mandatory documents (self-attest, if required). Step 3: Submit the duly filled and signed application form along with the documents to the concerned authority.. Step 4: Request a receipt or acknowledgment from the concerned authority to whom the application has been submitted. Ensure that the receipt contains essential details such as the date and time of submission, a unique identification number (if applicable).",,https://www.tn.gov.in/scheme/data_view/3572,https://www.myscheme.gov.in/schemes/dccbfhl
Q0416,இந்த District Central Cooperative Banks and through its Branches: For Jewel Loan பற்றி தகவல் வேண்டும்,Tamil,information_request,dccbfjl,District Central Cooperative Banks and through its Branches: For Jewel Loan,"Co-operation, Food and Consumer Protection Department","Banking,Financial Services and Insurance",Tamil_Nadu_scheme,"The scheme allows eligible individuals to obtain loans by pledging their gold and jewelry. The maximum loan amount is ₹1,00,000/- with an interest rate of 12%, subject to changes as per bank policies.",- The beneficiary should be a resident of Tamil Nadu. - Loans should be applicable only for Jewel.,"- **Access to Loan:** Up to ₹1,00,000/-.- **Interest Rate:** 12% (subject to change).","Identity proof (Aadhaar, PAN card, etc.). Address proof. Valuation certificate for the pledged jewelry. Any other documents (if required).","[Offline] Step-1: The interested applicant should collect the application form from the District Central Cooperative Banks or its branches. Step-2: In the application form, fill in all the mandatory fields, paste the passport-sized photograph (signed across, if required), and attach copies of all the mandatory documents (self-attest, if required). Step-3: Submit the duly filled and signed application form along with the documents to the concerned authority.. Step-4: Request a receipt or acknowledgment from the concerned authority to whom the application has been submitted. Ensure that the receipt contains essential details such as the date and time of submission, a unique identification number (if applicable).",,https://www.tn.gov.in/scheme/data_view/3569,https://www.myscheme.gov.in/schemes/dccbfjl
Q0425,What benefits are available under District Central Cooperative Banks and through its Branches: For Maternity Loan through Self Help Groups?,English,benefit_query,dccbfml,District Central Cooperative Banks and through its Branches: For Maternity Loan through Self Help Groups,"Co-operation, Food and Consumer Protection Department","Banking,Financial Services and Insurance, Health & Wellness",Tamil_Nadu_scheme,"The scheme offers financial aid to pregnant women via Self Help Groups. The loan is capped at ₹2,000/- with an interest rate of 11%, subject to changes.",- The beneficiary should be a woman. - The beneficiary should be pregnant. - The beneficiary should be a resident of Tamil Nadu. - Loans should be applicable only for Maternity. <br>,"- **Access to Loan:** ₹2,000/-. - **Interest Rate:** 11% (subject to change). &lt;br&gt;","Identity proof (Aadhaar, PAN card, etc.). Address proof. Proof of maternity. Any other documents (if required).","[Offline] Step 1: The interested applicant should collect the application form from the District Central Cooperative Banks or its branches. Step 2: In the application form, fill in all the mandatory fields, paste the passport-sized photograph (signed across, if required), and attach copies of all the mandatory documents (self-attest, if required). Step 3: Submit the duly filled and signed application form along with the documents to the concerned authority.. Step 4: Request a receipt or acknowledgment from the concerned authority to whom the application has been submitted. Ensure that the receipt contains essential details such as the date and time of submission, a unique identification number (if applicable).",,https://www.tn.gov.in/scheme/data_view/3578,https://www.myscheme.gov.in/schemes/dccbfml
Q0429,"District Central Cooperative Banks and through its Branches: For Professional Loan to Doctors, Engineers and Self Employed Professional ku eligibility enna?",Tanglish,eligibility_query,dccbfpl,"District Central Cooperative Banks and through its Branches: For Professional Loan to Doctors, Engineers and Self Employed Professional","Co-operation, Food and Consumer Protection Department","Banking,Financial Services and Insurance, Business & Entrepreneurship",Tamil_Nadu_scheme,"This scheme provides professional loans to doctors, engineers, and self-employed professionals through District Central Cooperative Banks. The maximum loan amount is ₹10,00,000 at an interest rate of 13% (subject to change).",1. The beneficiary should be a Doctor/ Engineer/ Self-Employed Professional. 1. The beneficiary should be a resident of Tamil Nadu. 1. Loans should be applicable only for professional purposes.,"- **Access to Loan:** ₹10,00,000/-. - **Interest Rate:** 13% (subject to change).","Identity proof (Aadhaar, PAN card, etc.). Address proof. Proof of professional qualification/ Self-Employment. Any other documents (if required).","[Offline] Step 1: The interested applicant should collect the application form from the District Central Cooperative Banks or its branches. Step 2: In the application form, fill in all the mandatory fields, paste the passport-sized photograph (signed across, if required), and attach copies of all the mandatory documents (self-attest, if required). Step 3: Submit the duly filled and signed application form along with the documents to the concerned authority.. Step 4: Request a receipt or acknowledgment from the concerned authority to whom the application has been submitted. Ensure that the receipt contains essential details such as the date and time of submission, a unique identification number (if applicable).",,https://www.tn.gov.in/scheme/data_view/3571,https://www.myscheme.gov.in/schemes/dccbfpl
Q0431,"இந்த District Central Cooperative Banks and through its Branches: For Revamped Micro Credit Loan for Women Vendors of Flower, Vegetable, Fruit etc. பற்றி தகவல் வேண்டும்",Tamil,information_request,dccvfrmc,"District Central Cooperative Banks and through its Branches: For Revamped Micro Credit Loan for Women Vendors of Flower, Vegetable, Fruit etc.","Co-operation, Food and Consumer Protection Department","Banking,Financial Services and Insurance, Business & Entrepreneurship",Tamil_Nadu_scheme,"The scheme provides revamped micro credit loans through District Central Cooperative Banks to support women vendors selling flowers, vegetables, fruits etc. Loans range from ₹100/- to ₹5,000/- with an interest rate of 11%.","- The beneficiary should be a woman. - The beneficiary should be a resident of Tamil Nadu. - The beneficiary should be engaged in vending activities of flowers, vegetables, fruits, etc. &lt;br&gt;","- **Access to Micro-Loan:** ₹100/- to ₹5,000/-. - **Interest Rate:** 11% (subject to change). &lt;br&gt;","Identity proof (Aadhaar, PAN card, etc.). Address proof. Proof of vending activity (if applicable). Any other documents (if required).","[Offline] Step 1: The interested applicant should collect the application form from the District Central Cooperative Banks or its branches. Step 2: In the application form, fill in all the mandatory fields, paste the passport-sized photograph (signed across, if required), and attach copies of all the mandatory documents (self-attest, if required). Step 3: Submit the duly filled and signed application form along with the documents to the concerned authority.. Step 4: Request a receipt or acknowledgment from the concerned authority to whom the application has been submitted. Ensure that the receipt contains essential details such as the date and time of submission, a unique identification number (if applicable).",,https://www.tn.gov.in/scheme/data_view/3575,https://www.myscheme.gov.in/schemes/dccvfrmc
Q0436,இந்த District Central Cooperative Banks and through its Branches: For SSI Unit Loan and Other NFS Activities பற்றி தகவல் வேண்டும்,Tamil,information_request,dccbssi,District Central Cooperative Banks and through its Branches: For SSI Unit Loan and Other NFS Activities,"Co-operation, Food and Consumer Protection Department","Banking,Financial Services and Insurance, Agriculture,Rural & Environment",Tamil_Nadu_scheme,This scheme provides financial assistance for SSI unit loans and other Non-Farm Sector (NFS) activities through District Central Cooperative Banks and their branches.,- The beneficiary should be a resident of Tamil Nadu. - Loans should be applicable only for small-scale industries (SSI) Unit and Other Non-Farm Sector (NFS) Activities. &lt;br&gt;,"- **Access to Loan:** Up to ₹1,00,000/-.- **Interest Rate:** 13% (subject to change). <br>","Identity proof (Aadhaar, PAN card, etc.). Address proof. Small-scale industries (SSI) Unit registration (if applicable). Business Plan or Project Report (if applicable). Any other documents (if required).","[Offline] Step 1: The interested applicant should collect the application form from the District Central Cooperative Banks or its branches. Step 2: In the application form, fill in all the mandatory fields, paste the passport-sized photograph (signed across, if required), and attach copies of all the mandatory documents (self-attest, if required). Step 3: Submit the duly filled and signed application form along with the documents to the concerned authority.. Step 4: Request a receipt or acknowledgment from the concerned authority to whom the application has been submitted. Ensure that the receipt contains essential details such as the date and time of submission, a unique identification number (if applicable).",,https://www.tn.gov.in/scheme/data_view/3570,https://www.myscheme.gov.in/schemes/dccbssi
Q0448,What documents are needed for District Central Cooperative Banks and through its Branches: Small Road Transport Operators Loan (SRTO Loan)?,English,document_help,dccbsrto,District Central Cooperative Banks and through its Branches: Small Road Transport Operators Loan (SRTO Loan),"Co-operation, Food and Consumer Protection Department","Banking,Financial Services and Insurance, Transport & Infrastructure",Tamil_Nadu_scheme,"The scheme aims to provide financial support to small-scale road transport operators through loans up to ₹10,00,000/- with 13% rate of interest.",- The beneficiary should be a resident of Tamil Nadu. - The beneficiary should be a Small Road Transport Operator. &lt;br&gt;,"- **Access to Loan:** Up to ₹10,00,000/-. - **Interest Rate:** 13% (subject to change). <br>","Identity proof (Aadhaar, PAN card, etc.). Address proof. Proof of being a Small Road Transport Operator (if applicable). Any other documents (if required).","[Offline] Step 1: The interested applicant should collect the application form from the District Central Cooperative Banks or its branches. Step 2: In the application form, fill in all the mandatory fields, paste the passport-sized photograph (signed across, if required), and attach copies of all the mandatory documents (self-attest, if required). Step 3: Submit the duly filled and signed application form along with the documents to the concerned authority.. Step 4: Request a receipt or acknowledgment from the concerned authority to whom the application has been submitted. Ensure that the receipt contains essential details such as the date and time of submission, a unique identification number (if applicable).",,https://www.tn.gov.in/scheme/data_view/3573,https://www.myscheme.gov.in/schemes/dccbsrto
Q0454,Dr. Dharmambal Ammaiyar Ninaivu Widow Remarriage Assistance Scheme-I ku eligibility enna?,Tanglish,eligibility_query,ddanwrasi,Dr. Dharmambal Ammaiyar Ninaivu Widow Remarriage Assistance Scheme-I,Department of Social Welfare and Women Empowerment,"Women and Child, Social welfare & Empowerment",Tamil_Nadu_scheme,"The ""Dr. Dharmambal Ammaiyar Ninaivu Widow Remarriage Assistance Scheme"" was launched by the Social Welfare and Women Empowerment Department, Government of Tamil Nadu. The scheme's objective is to encourage widow remarriage and to rehabilitate widows by giving financial assistance.",1. The applicant should be a widow. 1. The bride (widow) should be 20 years or above in age. 1. The bridegroom should be less than 40 years or above in age.,"- Financial Assistance of ₹ 25,000/-. - One sovereign (8gm) 22-carat gold coin for making Thirumangalyam. <br> > **Mode of Disbursal:** ₹15,000/- through Electronic Clearing Service and ₹10,000/- as a National Savings Certificate.",Death Certificate of the First Husband. Widow Certificate From Tahsildar. Remarriage Photos. Age Proof of the Bride. Age Proof of the Bridegroom. Certificate to Prove First Marriage of the Bridegroom From Tahsildar or MLA. Marriage Invitation.,"[Online - via CSC] Step 1: The applicant should gather copies of the necessary documents needed to apply for the concerned scheme. Step 2: The applicant should visit the nearest Common Service Center (CSC) and complete the Biometric Verification Process. Step 3: In the application form, fill in all the mandatory fields and upload copies of all the mandatory documents. Step 4: Request a receipt or acknowledgment from the CSC. Ensure that the receipt contains essential details such as the date and time of submission, and a unique identification number (if applicable). Application Deadline:The application is submitted within six months from the date of remarriage. [Offline] Step 1: The interested applicant should take print of the prescribed format of the application form. Step 2: In the application form, fill in all the mandatory fields, paste the passport-sized photograph (signed across, if required), and attach copies of all the mandatory documents (self-attest, if required). Step 3: Submit the duly filled and signed application form along with the documents to the District Social Welfare Officer/ Extension Officer (Social Welfare). Step 4: Request a receipt or acknowledgment from the concerned authority to whom the application has been submitted. Ensure that the receipt contains essential details such as the date and time of submission, and a unique identification number (if applicable). Application Deadline:The application is submitted within six months from the date of remarriage.",,https://cms.tn.gov.in/sites/default/files/forms/social_welfare_form10.pdf,https://www.myscheme.gov.in/schemes/ddanwrasi
Q0465,What benefits are available under Dr. Muthulakshmi Reddy Ninaivu Inter-caste Marriage Assistance Scheme-I?,English,benefit_query,dmrnicmasi,Dr. Muthulakshmi Reddy Ninaivu Inter-caste Marriage Assistance Scheme-I,Department of Social Welfare and Women Empowerment,Social welfare & Empowerment,Tamil_Nadu_scheme,The 'Dr. Muthulakshmi Reddy Ninaivu Inter-caste Marriage Assistance Scheme' was launched by the Social Welfare & Women Empowerment Dept. Tamil Nadu. The aim is to abolish caste & community discrimination by encouraging inter-caste marriage by giving financial assistance to newly married couples.,1. The bride should have passed the 10th standard (5th standard in case the applicant is from a Scheduled Tribe). 1. The age of the bride should be above 18 years at the time of marriage. 1. One spouse should be from a Scheduled Caste/Scheduled Tribe and the other should be from a different Community. <br>,"- Financial Assistance of ₹25,000/-. - 1 Sovereign (8gm) 22-carat gold coin for making Thirumangalyam. <br> > **Mode of disbursal:** ₹15,000 through Electronic Clearing Service and ₹10,000 in the form of National Savings Certificate.",Marriage Invitation/ Marriage Registration Certificate. Community Certificate of the bride. Community Certificate of the bridegroom. Age Certificate of the bride.,"[Online - via CSC] Step 1: The applicant should gather copies of the necessary documents needed to apply for the concerned scheme. Step 2: The applicant should visit the nearest Common Service Center (CSC) and complete the Biometric Verification Process. Step 3: In the application form, fill in all the mandatory fields and upload copies of all the mandatory documents. Step 4: Request a receipt or acknowledgement from the CSC. Ensure that the receipt contains essential details such as the date and time of submission, and a unique identification number (if applicable). Application Deadline:The application should be submitted within two years from the date of marriage.",,https://cms.tn.gov.in/sites/default/files/documents/swwe_e_cc_2022_23.pdf,https://www.myscheme.gov.in/schemes/dmrnicmasi
Q0468,What documents are needed for Dr. Muthulakshmi Reddy Ninaivu Inter-caste Marriage Assistance Scheme-II?,English,document_help,dmrnicmasii,Dr. Muthulakshmi Reddy Ninaivu Inter-caste Marriage Assistance Scheme-II,Department of Social Welfare and Women Empowerment,"Women and Child, Social welfare & Empowerment",Tamil_Nadu_scheme,The 'Dr. Muthulakshmi Reddy Ninaivu Inter-caste Marriage Assistance Scheme' was launched by the Social Welfare & Women Empowerment Dept. Tamil Nadu. The aim is to abolish caste & community discrimination by encouraging inter-caste marriage by giving financial assistance to newly married couples.,"1. The couple should belong to a backward class / most backward class community. 1. The bride should have passed the 10th standard. 1. The bride should have studied up to Vth standard in the case of the scheduled tribe. 1. The age of the bride should be above 18 years at the time of marriage. 1. The bride should have a degree passed from regular colleges, distance education/government-recognized open university. 1. The applicant should have a diploma holder passed from the Institution recognized by the Directorate of Technical Education, Government of Tamil Nadu.","- Financial assistance of ₹50,000 given to the newly married couple. - 1 Sovereign (8 gm) 22-carat gold coin for making Thirumangalyam. > **Mode of Disbursal:** ₹30,000 through Electronic Clearing Service and ₹20,000 in the form of National Savings Certificate.",Marriage Invitation or Marriage Registration Certificate. Community Certificates of the bride. Community Certificates of the bridegroom. Age Certificate of the bride. Certificates of Graduates / Diploma.,"[Online - via CSC] Step 1: The applicant should gather copies of the necessary documents needed to apply for the concerned scheme. Step 2: The applicant should visit the nearest Common Service Center (CSC) and complete the Biometric Verification Process. Step 3: In the application form, fill in all the mandatory fields and upload copies of all the mandatory documents. Step 4: Request a receipt or acknowledgment from the CSC. Ensure that the receipt contains essential details such as the date and time of submission, and a unique identification number (if applicable). Application Deadline:The application should be submitted before the child completes 3 years of age.",,https://cms.tn.gov.in/sites/default/files/documents/swwe_e_cc_2022_23.pdf,https://www.myscheme.gov.in/schemes/dmrnicmasii
Q0479,E.V.R. Maniammaiyar Ninaivu Marriage Assistance Scheme for Daughter’s of Poor Widows: Scheme-II ku eligibility enna?,Tanglish,eligibility_query,evrmnmasfdopwsii,E.V.R. Maniammaiyar Ninaivu Marriage Assistance Scheme for Daughter’s of Poor Widows: Scheme-II,Department of Social Welfare and Women Empowerment,"Women and Child, Social welfare & Empowerment",Tamil_Nadu_scheme,"The ""E.V.R. Maniammaiyar Ninaivu Marriage Assistance Scheme for Daughters of Poor Widows: Scheme-II"" was launched by the Social Welfare and Women Empowerment Department, Tamil Nadu. The scheme aims to help poor widow mothers by providing financial assistance for the marriage of their daughter's.","1. The applicant should be a Widow. 1. The applicant should be the mother of a girl child. 1. The annual income of the family should not exceed ₹72,000/-. 1. The age of the bride should be above 18 years. 1. The allowance is granted for the marriage of one daughter only. 1. The bride should be one of the following: - A degree holder from regular colleges, distance education/government-recognized open university. - A diploma holder from the Institution recognized by the Directorate of Technical Education, Government of Tamil Nadu.","- Financial assistance of ₹50,000/- for marriage expenses. - 1 Sovereign (8gm) 22-carat gold coin for making Thirumangalyam. **Mode of Disbursal:** Through Electronic Clearing Service. <br> **NOTE:** The benefit can be given to the bride in case of the death of the widowed mother.","1. Death Certificate of husband (to be obtained from Corporation / Municipality) 2. Widow Certificate (to be obtained from Tahsildar) 3. Income Certificate (issued by the Tahsildar) 4. Passport-size photograph of the Applicant. 5. Age Certificate of the Bride. 6. Marriage Invitation. 7. Bills towards purchase of marriage articles for less than ₹10,000/- NOTE: Beneficiaries getting a widow pension under the Social Security Pension Scheme don't need to provide a window certificate and income certificate.","[Online - via CSC] Step 1: The applicant should gather copies of the necessary documents (self-attest if required) needed to apply for the concerned scheme. Step 2: The applicant should visit the nearest Common Service Center (CSC) and complete the Biometric Verification Process. Step 3: In the application form, fill in all the mandatory fields and upload copies of all the mandatory documents. Step 4: Request a receipt or acknowledgement from the CSC. Ensure that the receipt contains essential details such as the date and time of submission, and a unique identification number (if applicable). NOTE: The applications are processed within 15 days from the date of receipt. Deadline for ApplicationThe application should be submitted 40 days before the marriage date. Applications received on or after the date of marriage will not be entertained. NOTE: In exceptional circumstances, the application can be submitted one day before the marriage date. [Offline] Step 1: The interested applicant should take print of the prescribed format of the application form. Step 2: In the application form, fill in all the mandatory fields, paste the passport-sized photograph (signed across, if required), and attach copies of all the mandatory documents (self-attest, if required). Step 3: Submit the duly filled and signed application form along with the documents to the District Social Welfare Officer/ Extension Officer (Social Welfare). Step 4: Request a receipt or acknowledgment from the concerned authority to whom the application has been submitted. Ensure that the receipt contains essential details such as the date and time of submission, and a unique identification number (if applicable). Deadline for ApplicationThe application should be submitted 40 days before the marriage date. Applications received on or after the date of marriage will not be entertained. NOTE: In exceptional circumstances, the application can be submitted one day before the marriage date.",,https://cms.tn.gov.in/sites/default/files/forms/social_welfare_form12.pdf,https://www.myscheme.gov.in/schemes/evrmnmasfdopwsii
Q0482,Early Intervention Center for the Children with Intellectually Disabled epdi apply panradhu?,Tanglish,application_help,eiccid,Early Intervention Center for the Children with Intellectually Disabled,Welfare of Differently Abled Persons Department,Social welfare & Empowerment,Tamil_Nadu_scheme,"The ""Early Intervention Center for the Children with Intellectually Disabled"" was launched by the Department for the Welfare of Differently Abled Persons, Government of Tamil Nadu.",1. The beneficiary child&#39;s age should be 6 years or below. 1. The child with intellectual disability and allied disabilities is eligible.,- Early intervention provides to children with intellectual disabilities.,National Identity Card of the Differently Abled. Birth Certificate. Any Other Document If Required.,"[Offline] Step 1: The parents/guardian should visit (during office hours) the District Differently Abled Welfare Officer and request a hard copy of the prescribed format of the application form from the staff exclusively entrusted to issue and collect filled-in applications. Step 2: In the application form, fill in all the mandatory fields, and attach copies of all the mandatory documents (self-attest, if required). Step 3: Submit the duly filled and signed application form along with the documents to the District Differently Abled Welfare Officer. Step 4: Request a receipt or acknowledgment from the District Differently Abled Welfare Officer to whom the application has been submitted. Ensure that the receipt contains essential details such as the date and time of submission, and a unique identification number (if applicable).",,https://cms.tn.gov.in/sites/default/files/documents/wda_e_cc_2022_23.pdf,https://www.myscheme.gov.in/schemes/eiccid
Q0487,"Early Intervention Centre for Children with Cerebral Palsy in SRTC, Chennai and Tiruchirapalli Districts epdi apply panradhu?",Tanglish,application_help,eicccpsrtcctd,"Early Intervention Centre for Children with Cerebral Palsy in SRTC, Chennai and Tiruchirapalli Districts",Welfare of Differently Abled Persons Department,"Social welfare & Empowerment, Skills & Employment",Tamil_Nadu_scheme,"The ""Early Intervention Centre for Children with Cerebral Palsy in SRTC, Chennai and Tiruchirapalli Districts"" was launched by the Department for the Welfare of Differently Abled Persons, Tamil Nadu. Under this scheme, stimulation training is given to the children affected with cerebral palsy.",1. The young child/infants should be affected with cerebral palsy. 1. The age of a young child/infant should be 6 years or below.,- Early intervention provides stimulation training to the children.,National Identity Card of the Differently Abled. Birth Certificate. Any Other Document If Required.,"[Offline] Step 1: The parents/guardian should visit (during office hours) the District Differently Abled Welfare Officer and request a hard copy of the prescribed format of the application form from the staff exclusively entrusted to issue and collect filled-in applications. Step 2: In the application form, fill in all the mandatory fields, and attach copies of all the mandatory documents (self-attest, if required). Step 3: Submit the duly filled and signed application form along with the documents to the District Differently Abled Welfare Officer. Step 4: Request a receipt or acknowledgment from the District Differently Abled Welfare Officer to whom the application has been submitted. Ensure that the receipt contains essential details such as the date and time of submission, and a unique identification number (if applicable).",,https://cms.tn.gov.in/sites/default/files/documents/wda_e_cc_2022_23.pdf,https://www.myscheme.gov.in/schemes/eicccpsrtcctd
Q0495,What benefits are available under Early Intervention Centre for Infants and Young Children with Hearing Impairment?,English,benefit_query,eicfiaycwhi,Early Intervention Centre for Infants and Young Children with Hearing Impairment,Welfare of Differently Abled Persons Department,"Social welfare & Empowerment, Skills & Employment",Tamil_Nadu_scheme,"The ""Early Intervention Centre for Infants and Young Children with Hearing Impairment"" was launched by the Department for the Welfare of Differently Abled Persons, Government of Tamil Nadu. Under this scheme, Infants and young children with hearing impairment are given training to develop speech.",1. The beneficiary child should be between 0-6 years. 1. The beneficiary child should have hearing impairment. 1. The beneficiary child should not have any other disabilities.,- Infants and young children with hearing impairment are given the training to develop speech and language skills.,National Identity Card of the Differently Abled. Birth Certificate. Any Other Document If Required.,"[Offline] Step 1: The parents/guardian should visit (during office hours) the District Differently Abled Welfare Officer and request a hard copy of the prescribed format of the application form from the staff exclusively entrusted to issue and collect filled-in applications. Step 2: In the application form, fill in all the mandatory fields, and attach copies of all the mandatory documents (self-attest, if required). Step 3: Submit the duly filled and signed application form along with the documents to the District Differently Abled Welfare Officer. Step 4: Request a receipt or acknowledgment from the District Differently Abled Welfare Officer to whom the application has been submitted. Ensure that the receipt contains essential details such as the date and time of submission, and a unique identification number (if applicable).",,https://cms.tn.gov.in/sites/default/files/documents/wda_e_cc_2022_23.pdf,https://www.myscheme.gov.in/schemes/eicfiaycwhi
Q0507,Education Assistance - Folk Artist epdi apply panradhu?,Tanglish,application_help,eafa,Education Assistance - Folk Artist,Art and Culture Department,"Education & Learning, Sports & Culture",Tamil_Nadu_scheme,"The ""Education Assistance - Folk Artist"" scheme was launched by the Art and Culture Department, Government of Tamil Nadu. The scheme provides financial assistance for the education of children of registered folk artistes.","1. The registered folk artist&#39;s son or daughter. 1. The registered folk artist must have no dues payable to the Board. 1. The registered folk artist&#39;s son or daughter should be studying in a government or government-recognized institution. 1. Assistance is available for up to two children per family. 1. If both husband and wife are registered folk artists, only one of them is eligible for this assistance.","**Financial Assistance for the children of registered folk artistes** - Girl and Boy children studying 10th - ₹1,000/- - Girl children studying 11th - ₹1,000/- - Girl and Boy children studying 12th - ₹1,500/- - Regular Degree Course with Hostel facility - ₹3,250/- - Regular Post Graduate Course with Hostel facility - ₹5,000/- - Professional Degree Course with Hostel facility - ₹6,000/- - Professional PG Course with Hostel facility - ₹10,000/- - ITI or Polytechnic Course with Hostel Facility - ₹2,200/- <br>",Registration Card of the Folk Artist. Certificate from the Educational Institution Head or Officer. Certificate from the Hostel Warden. Proof of Studying.,"[Offline] Step 1: The interested applicant should visit (during office hours) the regional office and request the hard copy of the prescribed format of the application form X(son or daughter), XI(daughter), XII(son or daughter) from the staff exclusively entrusted to issue and collect filled-in applications. Step 2: In the application form, fill in all the mandatory fields, and attach copies of all the mandatory documents (self-attest, if required). Step 3: Submit the duly filled and signed application form along with the documents to the Assistant Director/Deputy Director in the regional offices. Step 4: Request a receipt or acknowledgment from the Assistant Director/Deputy Director to whom the application has been submitted. Ensure that the receipt contains essential details such as the date and time of submission, and a unique identification number (if applicable).",,https://cms.tn.gov.in/sites/default/files/gos/tour-e-3-2008.pdf,https://www.myscheme.gov.in/schemes/eafa
Q0514,Employees Cooperative Societies Surety Loan ku eligibility enna?,Tanglish,eligibility_query,ecssl,Employees Cooperative Societies Surety Loan,"Co-operation, Food and Consumer Protection Department","Banking,Financial Services and Insurance",Tamil_Nadu_scheme,"The scheme provides loans up to ₹1,50,000/- at an interest rate of 14%. It is aimed at assisting citizens by offering financial support through surety loans from the Employees Cooperative Societies.",- The beneficiary should be a resident of Tamil Nadu. - The beneficiary should be a member of an Employees Cooperative Society. - The beneficiary should be interested in availing Employees Cooperative Societies Surety loan. &lt;br&gt;,"- **Access to Loan:** Surety loans up to ₹1,50,000/-. - **Interest Rate:** 14% (subject to change). &lt;br&gt;","Identity proof (Aadhaar, PAN card, etc.). Address proof. Proof of employment or Income Certificate (if applicable). Any other documents (if required).","[Offline] Step 1: The interested applicant should collect the application form by contacting the Secretary/ Special Officer of the office of the Employees Cooperative Society. Step 2: In the application form, fill in all the mandatory fields, paste the passport-sized photograph (signed across, if required), and attach copies of all the mandatory documents (self-attest, if required). Step 3: Submit the duly filled and signed application form along with the documents to the concerned authority.. Step 4: Request a receipt or acknowledgment from the concerned authority to whom the application has been submitted. Ensure that the receipt contains essential details such as the date and time of submission, and unique identification number (if applicable).",,https://www.tn.gov.in/scheme/data_view/3616,https://www.myscheme.gov.in/schemes/ecssl
Q0520,What benefits are available under Establishing Aavin Parlour for Differently Abled Persons?,English,benefit_query,eapfdap,Establishing Aavin Parlour for Differently Abled Persons,Welfare of Differently Abled Persons Department,"Social welfare & Empowerment, Skills & Employment",Tamil_Nadu_scheme,"The 'Establishing Aavin Parlour for Differently Abled Persons' scheme was launched by the Department for the Welfare of Differently Abled Persons, Govt. of Tamil Nadu. The scheme aims to create self-employment avenues for differently abled persons, the govt. has issued orders to establish Parlour.",1. The applicant should be a differently abled person. 1. The applicant&#39;s age should be 18 years or above.,"- The government has issued orders for establishing Aavin parlour for differently-abled persons to sell Aavin brand products like milk, butter, curd, etc.",National Identity Card of the Differently Abled. Family Card.,"[Offline] Step 1: The interested applicant should visit (during office hours) the District Differently Abled Welfare Office and request a hard copy of the prescribed format of the application form from the staff exclusively entrusted to issue and collect filled-in applications. Step 2: In the application form, fill in all the mandatory fields, and attach copies of all the mandatory documents (self-attest, if required). Step 3: Submit the duly filled and signed application form along with the documents to the District Differently Abled Welfare Officer. Step 4: Request a receipt or acknowledgment from the District Differently Abled Welfare Officer to whom the application has been submitted. Ensure that the receipt contains essential details such as the date and time of submission, and a unique identification number (if applicable).",,https://cms.tn.gov.in/sites/default/files/documents/wda_e_cc_2022_23.pdf,https://www.myscheme.gov.in/schemes/eapfdap
Q0523,What documents are needed for Farmers Interest Group (FIG)?,English,document_help,fig,Farmers Interest Group (FIG),Agriculture Department,"Agriculture,Rural & Environment",Tamil_Nadu_scheme,"The “Farmers Interest Group (FIG)” scheme supports every group of 15 farmers with grants for agricultural development. The scheme offers assistance for office equipment, training, ID cards, and district-level meetings.",- The beneficiary should be a Farmer. - The beneficiary should be a resident of Tamil Nadu. - The beneficiary should be part of a Farmer’s group of 15 farmers.,"- **Office Equipment:** ₹5,000/- per group for purchasing office equipment, technical bulletins, and setting up a library. - **Training and Skill Acquisition:** ₹4000/- per group for training and skill acquisition by farmer members. - **ID Cards:** ₹400/- per group for issuing ID cards to members. - **District-Level Meetings:** ₹20,000/- per group for conducting district-level meetings.","Proof of Identity (Aadhar Card, Voter ID, etc.). Proof of Land Ownership. Group registration details. Any other documents (if required).","[Offline] Step 1: Collect the application form from the nearest Agricultural Office. Step 2: Fill out the application form with the required details and attach mandatory documents (self-attested, if required). Step 3: Submit the form to the concerned office: Village Level: Submit the application to the Assistant Agricultural Officer.Block Level: Submit to the Agricultural Officer or Deputy Agricultural Officer.District Level: Submit to the Joint Director of Agriculture.",,https://www.tn.gov.in/scheme/data_view/6850,https://www.myscheme.gov.in/schemes/fig
Q0530,What benefits are available under Farmers Training?,English,benefit_query,ft,Farmers Training,Agriculture Department,"Agriculture,Rural & Environment",Tamil_Nadu_scheme,The “Farmers Training” scheme provides financial assistance for training sessions involving up to 50 farmers or agricultural laborers per cluster.,- The beneficiary should be a Farmer. - The beneficiary should be a resident of Tamil Nadu. - The beneficiary should have interest in joining the training to enhance agricultural skills.,"- **Financial assistance:** ₹5,000/- per training session of 50 Farmers/Agricultural labourers.","Proof of Identity (Aadhar Card, Voter ID, etc.). Proof of farming or agricultural labor status. Any other documents (if required).","[Offline] Step 1: Collect the application form from the nearest Agricultural Office. Step 2: Fill out the application form with the required details and attach mandatory documents (self-attested, if required). Step 3: Submit the form to the concerned office: Village Level: Submit the application to the Assistant Agricultural Officer.Block Level: Submit to the Agricultural Officer or Deputy Agricultural Officer.District Level: Submit to the Joint Director of Agriculture.",,https://www.tn.gov.in/scheme/data_view/6847,https://www.myscheme.gov.in/schemes/ft
Q0539,Financial Assistance on the Natural Death of Differently Abled Person ku eligibility enna?,Tanglish,eligibility_query,faotndodap,Financial Assistance on the Natural Death of Differently Abled Person,Welfare of Differently Abled Persons Department,Social welfare & Empowerment,Tamil_Nadu_scheme,"""Financial Assistance on the Natural Death of Differently Abled Person"" was launched by the Dept for the Welfare of Differently Abled Persons, Tamil Nadu. A financial assistance of ₹15,000/- is provided to the legal heir in the event of the natural death of the differently-abled person.",1. The applicant should be the legal heir of the differently abled person. 1. The differently-abled person should have died a natural death. 1. The differently abled person should have been a registered member of the &quot;Welfare Board for the Differently-abled&quot;.,"Financial Assistance of ₹15,000/- to the legal heir.",Death Certificate. Legal Heir Certificate. Differently Abled Person Original National Identity Card (issued by the welfare board for the differently abled).,"[Offline] Step 1: The interested applicant should visit (during office hours) the District Differently Abled Welfare Officer and request a hard copy of the prescribed format of the application form from the staff exclusively entrusted to issue and collect filled-in applications. Step 2: In the application form, fill in all the mandatory fields, and attach copies of all the mandatory documents (self-attest, if required). Step 3: Submit the duly filled and signed application form along with the documents to the District Differently Abled Welfare Officer. Step 4: Request a receipt or acknowledgement from the District Differently Abled Welfare Officer to whom the application has been submitted. Ensure that the receipt contains essential details such as the date and time of submission, and a unique identification number (if applicable).",,https://cms.tn.gov.in/sites/default/files/documents/wda_e_cc_2022_23.pdf,https://www.myscheme.gov.in/schemes/faotndodap
Q0542,Financial Assistance to Meet the Funeral Expenses of Differently Abled Person epdi apply panradhu?,Tanglish,application_help,fatmtfeodap,Financial Assistance to Meet the Funeral Expenses of Differently Abled Person,Welfare of Differently Abled Persons Department,Social welfare & Empowerment,Tamil_Nadu_scheme,"The scheme 'Financial Assistance to Meet the Funeral Expenses of Differently Abled Person' was launched by the Department for the Welfare of Differently Abled Persons. In this scheme, financial assistance of ₹2,000/- is provided to meet the expenses in connection with funeral, in the event of the...",1. The applicant should be the legal heir of the differently abled person. 1. The differently abled person should be deceased. 1. The differently abled person should have been a registered member of the Welfare Board for the Differently Abled&quot;.,"Financial assistance of ₹2,000/- is paid to the legal heir of the deceased.","Death Certificate. Legal Heir Certificate. Original National Identity Card of the Differently Abled Person, issued by the Welfare Board for the Differently Abled.","[Offline] Step 1: The interested applicant should visit (during office hours) the District Differently Abled Welfare Officer and request a hard copy of the prescribed format of the application form from the staff exclusively entrusted to issue and collect filled-in applications. Step 2: In the application form, fill in all the mandatory fields, and attach copies of all the mandatory documents (self-attest, if required). Step 3: Submit the duly filled and signed application form along with the documents to the District Differently Abled Welfare Officer. Step 4: Request a receipt or acknowledgement from the District Differently Abled Welfare Officer to whom the application has been submitted. Ensure that the receipt contains essential details such as the date and time of submission, and a unique identification number (if applicable).",,https://cms.tn.gov.in/sites/default/files/documents/wda_e_cc_2022_23.pdf,https://www.myscheme.gov.in/schemes/fatmtfeodap
Q0550,What benefits are available under Financial Assistance to Non Governmental Organisations?,English,benefit_query,fatngo,Financial Assistance to Non Governmental Organisations,Welfare of Differently Abled Persons Department,"Social welfare & Empowerment, Business & Entrepreneurship, Education & Learning",Tamil_Nadu_scheme,"The ""Financial Assistance to Non Governmental Organisations"" scheme was launched by the Department for the Welfare of Differently Abled Persons, Government of Tamil Nadu. The scheme aims to provide financial assistance to the NGO run a school for children with intellectual disability.","1. The school for children with intellectual disability should have functioned for a minimum period of 5 years. 1. The school should be registered under section 51 of the Rights of Persons with Disability Act,2016. <br>","- Financial assistance is given to the NGO for feeding charges, rent, and construction/extension of building.","Registration Certificate (under Section 51 of the Rights of Persons with Disability Act,2016). Any Other Document If Required.","[Offline] Step 1: The interested NGO should visit (during office hours) the District Differently Abled Welfare Officer and request a hard copy of the prescribed format of the application form from the staff exclusively entrusted to issue and collect filled-in applications. Step 2: In the application form, fill in all the mandatory fields, and attach copies of all the mandatory documents (self-attest, if required). Step 3: Submit the duly filled and signed application form along with the documents to the District Differently Abled Welfare Officer. Step 4: Request a receipt or acknowledgment from the District Differently Abled Welfare Officer to whom the application has been submitted. Ensure that the receipt contains essential details such as the date and time of submission, and a unique identification number (if applicable).",,https://cms.tn.gov.in/sites/default/files/documents/wda_e_cc_2022_23.pdf,https://www.myscheme.gov.in/schemes/fatngo
Q0553,What documents are needed for Fitter Training to Hearing Impaired Persons?,English,document_help,ftthip,Fitter Training to Hearing Impaired Persons,Welfare of Differently Abled Persons Department,"Social welfare & Empowerment, Skills & Employment",Tamil_Nadu_scheme,"The scheme ""Fitter Training to Hearing Impaired Persons"" was launched by the Department for the Welfare of Differently Abled Persons, Government of Tamil Nadu. The scheme aims to give fitter training to the hearing-impaired candidates at the ITI, Guindy for two years and a stipend of ₹300 per month.",1. The applicant should be a hearing-impaired person. 1. The applicant should pass the 10th standard. 1. The applicant should be between 18 and 25 years of age.,"- Fitter training is given to the hearing-impaired candidates at the ITI, Guindy for 2 years. - A stipend of ₹300/- per month is given to the trainees.",National Identity Card. Educational Certificate. Community Certificate. Transfer Certificate.,"[Offline] Step 1: The interested applicant should visit (during office hours) the District Differently Abled Welfare Officer and request a hard copy of the prescribed format of the application form from the staff exclusively entrusted to issue and collect filled-in applications. Step 2: In the application form, fill in all the mandatory fields, and attach copies of all the mandatory documents (self-attest, if required). Step 3: Submit the duly filled and signed application form along with the documents to the Commissioner for Welfare of the Differently Abled. Step 4: Request a receipt or acknowledgment from the District Differently Abled Welfare Officer to whom the application has been submitted. Ensure that the receipt contains essential details such as the date and time of submission, and a unique identification number (if applicable).",,https://cms.tn.gov.in/sites/default/files/documents/wda_e_cc_2022_23.pdf,https://www.myscheme.gov.in/schemes/ftthip
Q0559,Free Education Scheme ku eligibility enna?,Tanglish,eligibility_query,fes,Free Education Scheme,Backward Classes Most Backward Classes and Minorities Welfare Department,Education & Learning,Tamil_Nadu_scheme,"The scheme provides financial support to Backward, Most Backward Classes, and Denotified Communities students pursuing 3-year undergraduate courses (B.A., B.Sc., B.Com.) in Government and Government Aided Arts and Science Colleges.","1. The beneficiary should be a student. 1. The beneficiary should be a resident of Tamil Nadu. 1. The beneficiary should belong to the Backward Classes (BC), Most Backward Classes (MBC), and Denotified Communities (DNC). 1. The beneficiary should be studying 3-year undergraduate degree (B.A., B.Sc., B.Com.). 1. The beneficiary should be enrolled in a Government or Government Aided Arts and Science College.",- **Financial Assistance:** Special fees and other non-refundable compulsory fees are paid as prescribed by Government and examination fee in full.,Proof of identity (Aadhar card or any other document as directed by the authority). Caste certificate. Admission letter or proof of enrollment (Government or Government Aided Arts and Science College). Bank account details for fee reimbursement. Previous academic records (as required by the college). Any other documents (if required).,"[Offline] Step-1: The interested applicant should collect the application form from the concerned educational institute. Step-2: In the application form, fill in all the mandatory fields, paste the passport-sized photograph (signed across, if required), and attach copies of all the mandatory documents (self-attest, if required). Step-3: Submit the duly filled and signed application form along with the documents to the institution. Step-4: Request a receipt or acknowledgment from the concerned authority to whom the application has been submitted. Ensure that the receipt contains essential details such as the date and time of submission, and a unique identification number (if applicable).",,https://www.tn.gov.in/scheme/data_view/27471,https://www.myscheme.gov.in/schemes/fes
Q0562,"Free Education Scholarship for Professional Courses (Engineering, Medical, Agriculture, Veterinary, and Law) epdi apply panradhu?",Tanglish,application_help,fesfpc,"Free Education Scholarship for Professional Courses (Engineering, Medical, Agriculture, Veterinary, and Law)",Backward Classes Most Backward Classes and Minorities Welfare Department,Education & Learning,Tamil_Nadu_scheme,"This scheme provides full coverage of tuition fees, special fees, and examination fees for Backward Classes (BC), Most Backward Classes (MBC), and Denotified Communities (DNC) students pursuing professional courses.","1. The beneficiary should be a student. 1. The beneficiary should be a resident of Tamil Nadu. 1. The beneficiary should belong to the Backward Classes (BC), Most Backward Classes (MBC), and Denotified Communities (DNC). 1. The beneficiary should be pursuing a professional course in a Government/Government Aided or Self-Financing college. 1. The beneficiary’s family income should not exceed ₹1,00,000/- annually. 1. There should be no graduate in the family.",&gt; **Financial Assistance:** - Full payment of tuition fees. - Coverage of special and other non-refundable compulsory fees. - Full reimbursement of examination fees as per government norms. &lt;br&gt;,"Proof of identity (Aadhar card or any other document as directed by the authority). Caste certificate. Admission letter or proof of enrollment (Government or Government Aided Arts and Science College). Bank account details for fee reimbursement. Income Certificate (proving family income is below ₹1,00,000/-). No Graduate Certificate (self-declaration or from a gazetted officer) Previous academic records (as required by the college). Any other documents (if required).","[Offline] Step-1: The interested applicant should collect the application form from the concerned educational institute. Step-2: In the application form, fill in all the mandatory fields, paste the passport-sized photograph (signed across, if required), and attach copies of all the mandatory documents (self-attest, if required). Step-3: Submit the duly filled and signed application form along with the documents to the institution. Step-4: Request a receipt or acknowledgment from the concerned authority to whom the application has been submitted. Ensure that the receipt contains essential details such as the date and time of submission, and a unique identification number (if applicable).",,https://www.tn.gov.in/scheme/data_view/27488,https://www.myscheme.gov.in/schemes/fesfpc
Q0568,What documents are needed for Free Education Scholarship for Three-Year Diploma (Polytechnic Courses)?,English,document_help,fesftydpc,Free Education Scholarship for Three-Year Diploma (Polytechnic Courses),Backward Classes Most Backward Classes and Minorities Welfare Department,Education & Learning,Tamil_Nadu_scheme,"This scheme provides free education scholarships for students from Backward Classes, Most Backward Classes, and Denotified Communities pursuing 3-year Diploma courses in Government and Government-Aided Polytechnics.","1. The beneficiary should be a student. 1. The beneficiary should be a resident of Tamil Nadu. 1. The beneficiary should belong to the Backward Classes (BC), Most Backward Classes (MBC), and De-notified Communities (DNC). 1. The beneficiary should be pursuing studying in 3 year Diploma courses in Government and Government Aided Polytechnics. 1. The beneficiary’s family income should not exceed ₹1,00,000/- annually. 1. There should not be any Diploma/ Graduate in the family.",&gt; **Financial Assistance:** - Full payment of tuition fees. - Coverage of special and other non-refundable compulsory fees. - Full reimbursement of examination fees as per government norms. &lt;br&gt;,"Proof of identity (Aadhar card or any other document as directed by the authority). Caste certificate. Admission letter or proof of enrollment (Government or Government Aided Arts and Science College). Bank account details for fee reimbursement. Income Certificate (proving family income is below ₹1,00,000/-). No Graduate Certificate (self-declaration or from a gazetted officer) Previous academic records (as required by the college). Any other documents (if required).","[Offline] Step-1: The interested applicant should collect the application form from the concerned Government or Government Aided Polytechnic College. Step-2: In the application form, fill in all the mandatory fields, paste the passport-sized photograph (signed across, if required), and attach copies of all the mandatory documents (self-attest, if required). Step-3: Submit the duly filled and signed application form along with the documents to the institution. Step-4: Request a receipt or acknowledgment from the concerned authority to whom the application has been submitted. Ensure that the receipt contains essential details such as the date and time of submission, and a unique identification number (if applicable).",,https://www.tn.gov.in/scheme/data_view/27483,https://www.myscheme.gov.in/schemes/fesftydpc
Q0571,இந்த Free Supply of Note Books to the Children of Poor Widows பற்றி தகவல் வேண்டும்,Tamil,information_request,fsnbcpw,Free Supply of Note Books to the Children of Poor Widows,Social Welfare and Nutritious Meal Programme Department,"Social welfare & Empowerment, Women and Child, Education & Learning",Tamil_Nadu_scheme,"The Social Welfare and Nutritious Meal Programme Department, Government of Tamil Nadu launched the ""Free Supply of Note Books to the Children of Poor Widows"" scheme to supply notebooks to children of poor widows studying up to higher secondary courses and govt. children homes and service homes.","1. The applicant should be a child of a poor widow. 1. The applicant should be a student. 1. The applicant should be studying in higher secondary. 1. The applicant&#39;s family income should not exceed ₹24,000/- per annum.",**Note Books are supplied free of cost as mentioned below:** - 1st to 2nd Standard – Books worth ₹50/- (per child per annum). - 3rd to 5th Standard - Books worth ₹125/- (per child per annum). - 6th to 8th Standard - Books worth 175/- (per child per annum). - 9th to 10th Standard - Books worth ₹300/- (per child per annum). - 11th to 12th Standard - Books worth ₹600/- (per child per annum).,Widow certificate. Necessary Certificate from the Government Children's Home / Service Home. Recommendation Certificate (issued by the headmaster/headmistress of the school with details of class). Any other document if required.,"[Offline] Step 1: The interested applicant should visit (during office hours) the District Social Welfare Officer/Extension Officer (SW)/Rural Welfare Officer (Women) and request a hard copy of the prescribed format of the application form from the staff exclusively entrusted to issue and collect filled-in applications. Step 2: In the application form, fill in all the mandatory fields, and attach copies of all the mandatory documents (self-attest, if required). Step 3: Submit the duly filled and signed application form along with the documents to the District Social Welfare Officer/Extension Officer (SW)/Rural Welfare Officer (Women) Step 4: Request a receipt or acknowledgment from the District Social Welfare Officer/Extension Officer (SW)/Rural Welfare Officer (Women) to whom the application has been submitted. Ensure that the receipt contains essential details such as the date and time of submission, and a unique identification number (if applicable).",,https://cms.tn.gov.in/sites/default/files/whatsnew/socialwelfare.pdf,https://www.myscheme.gov.in/schemes/fsnbcpw
Q0576,இந்த Gen Next Competition பற்றி தகவல் வேண்டும்,Tamil,information_request,gnc,Gen Next Competition,"Handlooms, Handicrafts, Textiles and Khadi Department","Skills & Employment, Sports & Culture",Tamil_Nadu_scheme,"The ""Gen Next Competition"" scheme was launched by the Department of Handlooms, Handicrafts, Textiles & Khadi, Govt. of Tamil Nadu. A craft competition was started from the year 2013-2014 to encourage the youth to retain the traditional handicrafts of Tamil Nadu & pass them on to the next generation.","1. The applicant should be an Artisan. 1. The applicant should be a native of Tamil Nadu. 1. The applicant should be below 30 years of age. 1. Handicraft competitions will be conducted in the following 16 types of handicrafts: Panchaloka Idols, Brass Lamps and Brass Artifacts, Thanjavur Paintings, Thanjavur Plates, Wood Carvings, Stone Sculptures, Fire Clay Sculptures, Applique and Kalamkari work, Paper Pulp Toys, Weaving, Bamboo and Palm Leaf Products, Neti Work, Fiber Products, Temple jewelry, Image Stitching Work, Other Handicrafts. 1. The examination will be conducted based on places of prominence in handicraft industries. The center and date of the exam will be announced later. <br>","- Cash Prize of ₹2,000/-. - Silver Medal. - Certificate.","Two Passport-size Photograph. Birth Certificate. Educational Certificate. Address Proof (Family Card / Voter ID Card / Driving License). Aadhaar Card. Bank Account Book with Photo. Artisan's Affidavit on ₹20/- Stamp Paper, attested by a First Class Criminal Judge or Notary Public. Recommendation Certificate, attested by any of the Managers of Poombucar Outlets and Manufacturing Plants / the respective Area Assistant Directors (Handicrafts / Craft Council (Tamil Nadu/India/World) under the Office of the Development Commissioner, New Delhi.","[Offline] Advertisements are released in June every year. Step 1: The interested applicant should take print of the prescribed format of the application form. Step 2: In the application form, fill in all the mandatory fields, paste the passport-sized photograph (signed across, if required), and attach copies of all the mandatory documents (self-attest, if required). Step 3: Submit the duly filled and signed application form along with the documents (during office hours-Monday-Friday) to the Head Office only through Poompucar Sales and Manufacturing Plant Managers. Chairman and Managing Director Tamil Nadu Handicrafts Development Corporation 759, Anna Road, Chennai-600 002. Step 4: Request a receipt or acknowledgment from the concerned authority to whom the application has been submitted. Ensure that the receipt contains essential details such as the date and time of submission, and a unique identification number (if applicable).",,https://poompuhar.com/tnhdc/downloads/1697107607445135746.pdf,https://www.myscheme.gov.in/schemes/gnc
Q0584,Generator Subsidy ku eligibility enna?,Tanglish,eligibility_query,gs-tn,Generator Subsidy,Micro Small and Medium Enterprises Department,"Business & Entrepreneurship, Utility & Sanitation",Tamil_Nadu_scheme,"The scheme ""Generator Subsidy"" is introduced with the objective of assisting all new and existing Micro, Small, and Medium Manufacturing Enterprises through a subsidy of 25% on the cost of the generator purchased (up to 320 KVA capacity), subject to a maximum of ₹ 5,00,000.","All new and existing Micro, Small, and Medium Manufacturing Enterprises.","Subsidy of 25% on the cost of generator purchased (up to 320 KVA capacity), subject to a maximum of ₹ 5,00,000.",Copy of Udyog Aadhaar Memorandum. *The file type should be PDF (.pdf). *The file size should be less than 200 kb.,"[Online] Step 1: Registration Visit the Official Website/Portal of the Micro, Small, and Medium Enterprises Department of the Government of Tamil Nadu. In the top ribbon, click ""Login / Registration"". In the registration form, fill in the mandatory details accurately, Name, Date of Birth, Aadhaar Number, Email ID, and Mobile Number. Create a new password. The password must contain a minimum of 8 characters, 1 Upper Case Letter, 1 Lower Case Letter, and 1 Numeric Field. Fill in the captcha code, and click ""Register"". Step 2: LoginVisit the Login Page and click ""Login"", and then fill in the credentials received on your registered Email ID and the registered Mobile Number. Step 3: Form FillingAfter successfully logging in, hover over ""Schemes"" in the top ribbon, and then click on the concerned scheme from the dropdown. On the next page, hover over ""Apply Online"" in the top ribbon, and then click on ""New Application"" from the dropdown. Fill in all the mandatory fields of the Application Form. Carefully review all the information provided, acknowledge and agree to the terms and conditions, declaration, and privacy policy, and then click ""Proceed"". Note down the reference number appearing on the screen and then click ""Close"". Step 4: Upload DocumentsNow, hover over ""Schemes"" in the top ribbon, and then click ""Upload Documents"" from the dropdown. On the next page, provide the Application ID and click ""Submit"". On the next page, upload all the mandatory documents in the specified format and size. After uploading the documents, click ""View"" to verify the documents uploaded for correctness. Step 5: SubmissionFill in all the checkboxes appearing at the bottom of the screen and then click ""Submit Application"". The message regarding the submission of the online application to GM/DIC / RJD will be received on your mobile phone. (Optional) Step 6: Track Application Status You can check the status of your application here. The portal may provide updates via email or SMS regarding your application status. Application Timeline Within six months from the date of purchase of the generator set or date of installation of the generator set i.e. the date of issue of safety certificate by the Electrical Inspectorate Department, whichever is later.",,https://www.msmetamilnadu.tn.gov.in/generator-subsidy.php#chart-line,https://www.myscheme.gov.in/schemes/gs-tn
Q0589,Generator Subsidy-Tamil Nadu ku eligibility enna?,Tanglish,eligibility_query,gstn,Generator Subsidy-Tamil Nadu,Agriculture Department,"Agriculture,Rural & Environment",Tamil_Nadu_scheme,The “Generator Subsidy” scheme provides a 25% subsidy on the cost of generator sets up to 125 KVA capacity for manufacturers in Tamil Nadu.,"- Beneficiaries must be new and existing Micro, Small and Medium Manufacturing Enterprises. - The generator set must have a capacity of up to 125 KVA. - Subsidy claims must be made within six months from the date of purchase or installation.","**Quantum of Assistance:** 25% subsidy or maximum ₹1,50,000/- on the cost of generator sets (up to 125 KVA capacity). &lt;br&gt;",Proof of purchase or installation of the generator set. Invoice and receipt of the generator. Proof of enterprise registration (MSME registration certificate). Bank account details for subsidy transfer. Installation certificate from a certified technician. Any other documents (if required).,"[Offline] Collect and submit the application form to the below-mentioned office address: Regional Joint Director of Industries and Commerce Industrial Estate,Chennai-600 032Telephone: 044-22501622/22501625E-mail address: rjdchn@gmail.comWebsite address: http://www.rjdchn.in/",,https://www.tn.gov.in/scheme/data_view/19674,https://www.myscheme.gov.in/schemes/gstn
Q0594,Goggles by Welfare of Differently Abled Persons Department ku eligibility enna?,Tanglish,eligibility_query,gbwodapd,Goggles by Welfare of Differently Abled Persons Department,Welfare of Differently Abled Persons Department,Social welfare & Empowerment,Tamil_Nadu_scheme,"The 'Goggles by Welfare of Differently Abled Persons Department' scheme was launched by the Department for the Welfare of Differently Abled Persons, Government of Tamil Nadu. The scheme aims to distribute goggles to needy visually impaired persons to enable them to protect themselves from sunlight.",- The applicant should be a visually impaired person.,- **Free distribution of goggles to visually impaired persons.**,National Identity Card of the Differently Abled Person. Any Other Documents If Required.,"[Offline] Step 1: The interested applicant should visit (during office hours) the District Differently Abled Welfare Officer and request a hard copy of the prescribed format of the application form from the staff exclusively entrusted to issue and collect filled-in applications. Step 2: In the application form, fill in all the mandatory fields, and attach copies of all the mandatory documents (self-attest, if required). Step 3: Submit the duly filled and signed application form along with the documents to the District Differently Abled Welfare Officer. Step 4: Request a receipt or acknowledgment from the District Differently Abled Welfare Officer to whom the application has been submitted. Ensure that the receipt contains essential details such as the date and time of submission, and a unique identification number (if applicable).",,https://cms.tn.gov.in/sites/default/files/documents/wda_e_cc_2022_23.pdf,https://www.myscheme.gov.in/schemes/gbwodapd
Q0597,Government Institute for the Mentally Retarded - Tamil Nadu epdi apply panradhu?,Tanglish,application_help,giftmrc,Government Institute for the Mentally Retarded - Tamil Nadu,Welfare of Differently Abled Persons Department,"Social welfare & Empowerment, Education & Learning, Skills & Employment",Tamil_Nadu_scheme,"The 'Government Institute for the Mentally Retarded,Chennai' scheme was launched by the Department for the Welfare of Differently Abled Persons, Government of Tamil Nadu. Under this scheme, children with intellectual disability are given special education, vocational training, food, uniforms etc.",1. The child should have an intellectual disability. 1. The age of the child should be between 4 to 18 years.,"**The children are also imparted training in daily living skills and below benefits are provided to children with intellectual disability :** - Special education, - Vocational training, - Food, - Uniforms, - Boarding, - Medicine, - Lodging facilities. <br> <br>",National Identity Card of the Differently Abled. Birth Certificate.,"[Offline] Step 1: The interested applicant should visit (during office hours) the District Differently Abled Welfare Officer/Project Officer/Government Institute for Mentally Retarded and request a hard copy of the prescribed format of the application form from the staff exclusively entrusted to issue and collect filled-in applications. Step 2: In the application form, fill in all the mandatory fields, and attach copies of all the mandatory documents (self-attest, if required). Step 3: Submit the duly filled and signed application form along with the documents to the Project Officer/Government Institute for Mentally Retarded. Step 4: Request a receipt or acknowledgment from the concerned authority to whom the application has been submitted. Ensure that the receipt contains essential details such as the date and time of submission, and a unique identification number (if applicable).",,https://cms.tn.gov.in/sites/default/files/documents/wda_e_cc_2022_23.pdf,https://www.myscheme.gov.in/schemes/giftmrc
Q0606,இந்த Government Working Women’s Hostel பற்றி தகவல் வேண்டும்,Tamil,information_request,gwwh,Government Working Women’s Hostel,Department of Social Welfare and Women Empowerment,"Housing & Shelter, Social welfare & Empowerment, Women and Child",Tamil_Nadu_scheme,"The scheme ""Government Working Women’s Hostel"" is an initiative by the Social Welfare and Women Empowerment Department, Govt. of Tamil Nadu. The scheme aims to provide safe accommodation facilities to working women who live far away from their families, belonging to lower and middle-income groups.","1. The applicant should be a working woman. 1. If the applicant is in Chennai, the income of the applicant should not exceed ₹25000/- per month. 1. If the applicant is in a district other than Chennai, the income of the applicant should not exceed ₹15000/- per month.","- Affordable Monthly Rent: ₹300/- per month in Chennai and ₹200/- per month in other Districts. - Safe accommodation, food, and electricity charges on a dividing basis. - The women can stay for 3 years in the hostel.",Certificates issued by the employer. Income Certificate. Certificate showing that the applicant belongs to a District / Place other than the place where the hostel is located.,"[Online - via CSC] Step 1: The applicant should gather copies of the necessary documents (self-attest if required) needed to apply for the concerned scheme. Step 2: The applicant should visit the nearest Common Service Center (CSC) and complete the Biometric Verification Process. Step 3: In the application form, fill in all the mandatory fields and upload copies of all the mandatory documents. Step 4: Request a receipt or acknowledgment from the CSC. Ensure that the receipt contains essential details such as the date and time of submission, and a unique identification number (if applicable). [Offline] Step 1: The interested applicant should take print of the prescribed format of the application form. Step 2: In the application form, fill in all the mandatory fields, paste the passport-sized photograph (signed across, if required), and attach copies of all the mandatory documents (self-attest, if required). Step 3: Submit the duly filled and signed application form along with the documents to the District Social Welfare Officer/ Superintendents, Government Working Women Hostel/Extension Officer (Social Welfare). Step 4: Request a receipt or acknowledgment from the concerned authority to whom the application has been submitted. Ensure that the receipt contains essential details such as the date and time of submission, and a unique identification number (if applicable).",,https://cms.tn.gov.in/sites/default/files/forms/social_welfare_form6.pdf,https://www.myscheme.gov.in/schemes/gwwh
Q0614,Grant of Quality Certification Reimbursement of Charges ku eligibility enna?,Tanglish,eligibility_query,gqcrc,Grant of Quality Certification Reimbursement of Charges,Micro Small and Medium Enterprises Department,Business & Entrepreneurship,Tamil_Nadu_scheme,"""Grant of Quality Certification Reimbursement of Charges""reimburses payments made to Consultancy and certification agencies towards acquiring such Quality Certification subject to a ceiling of ₹ 2,00,000/- for National level certification and ₹ 10,00,000/- for International level Certification.",The applicant should be an MSME in the state of Tamil Nadu. > **Components Eligible for Reimbursement Subsidy** - Payments made for consultancy and certification agencies. - Calibration and testing charges for certification from the NABL-accredited testing lab.,"Reimbursement of payments made to Consultancy and Certification Agencies towards acquiring Quality Certification, subject to a ceiling of ₹ 2,00,000/- for National Level Certification and ₹ 10,00,000/- for International Level Certification.","1. Copy of Udyog Aadhaar Memorandum / Copy of Udyam Certificate. 2. Certificate of Registration under the Indian Partnership Act / LLP / Societies Registration Act / Certificate of Incorporation.[Memorandum of Association & Articles of Association] under the Company Act. 3. Proof for connected load, i.e., EB Meter card/online Statement. 4. Copy of invoices, cash bills, and stamped receipts. 5. Copy of ISO 9000/ISO 14001/ISO 22000/HACCP/GHP/GMP/ZED/International certificate. 6. Copy of the Registration Certificate with the National Accreditation Board for Certification Bodies (NABCB). *The file type should be PDF (.pdf). The file size should be less than 200 kb.","[Online] Step 1: RegistrationVisit the Official Website/Portal of the Micro, Small, and Medium Enterprises Department of the Government of Tamil Nadu. In the top ribbon, click ""Login / Registration"". In the registration form, fill in the mandatory details accurately, Name, Date of Birth, Aadhaar Number, Email ID, and Mobile Number. Create a new password. The password must contain a minimum of 8 characters, 1 Upper Case Letter, 1 Lower Case Letter, and 1 Numeric Field. Fill in the captcha code, and click ""Register"". Step 2: LoginVisit the Login Page and click ""Login"", and then fill in the credentials received on your registered Email ID and the registered Mobile Number. Step 3: Form FillingAfter successfully logging in, hover over ""Schemes"" in the top ribbon, and then click on the concerned scheme from the dropdown. On the next page, hover over ""Apply Online"" in the top ribbon, and then click on ""New Application"" from the dropdown. Fill in all the mandatory fields of the Application Form. Carefully review all the information provided, acknowledge and agree to the terms and conditions, declaration, and privacy policy, and then click ""Proceed"". Note down the reference number appearing on the screen and then click ""Close"". Step 4: Upload DocumentsNow, hover over ""Schemes"" in the top ribbon, and then click ""Upload Documents"" from the dropdown. On the next page, provide the Application ID and click ""Submit"". On the next page, upload all the mandatory documents in the specified format and size. After uploading the documents, click ""View"" to verify the documents uploaded for correctness. Step 5: SubmissionFill in all the checkboxes appearing at the bottom of the screen and then click ""Submit Application"". The message regarding the submission of the online application to GM/DIC / RJD will be received on your mobile phone. (Optional) Step 6: Track Application Status You can check the status of your application here. The portal may provide updates via email or SMS regarding your application status. NOTE 1: The application and the documents submitted through the online portal are sufficient and there is no need to submit the hard copy of the application and documents to GM/DIC/RJD either in person or by Post. NOTE 2: The application should be submitted within 1 year from the date of certification.",,https://www.msmetamilnadu.tn.gov.in/q-cert.php#chart-line,https://www.myscheme.gov.in/schemes/gqcrc
Q0618,What documents are needed for Handicrafts Export Award?,English,document_help,hea,Handicrafts Export Award,"Handlooms, Handicrafts, Textiles and Khadi Department",Business & Entrepreneurship,Tamil_Nadu_scheme,"The ""Handicrafts Export Award"" scheme was launched by the Handlooms, Handicrafts, Textiles, and Khadi Dept, Government of Tamil Nadu. This award is given to encourage the exporters of handicraft items with a cash prize of ₹40,000/-, 4 gm gold medal, thamirapattiram & a certificate.",1. The applicant should be a native of Tamil Nadu. 1. The applicant should be a manufacturer of handicrafts in Tamil Nadu. 1. The applicant should be an exporter of Tamil Nadu Handicrafts. 1. The applicant should be a direct exporter. 1. The exporter should not be banned by Govt.,"- Cash Prize of ₹40,000/-. - 4gm Gold Medal. - Thamirapattiram. - Certificate.",Passport-size Photograph. Aadhaar Card. Address Proof. Front Page of Bank Passbook. Proof of Direct Exporter. Address Proof of Tamil Nadu Craftsman. Copy of Purchase Order Letter. Export/Import License Copy. Registration Copy of Export Development Corporation of Handicrafts (EPCH)/Development Commissioner (Handicrafts)/Districts Industrial Center. Photocopies of Export Documents of the Craftsman (last 3 years). Craftsman's Self-Attestation Affidavit of ₹20/- Stamp Paper.,"[Offline] Advertisements are released in June every year. Step 1: The interested applicant should take print of the prescribed format of the application form. Step 2: In the application form, fill in all the mandatory fields, paste the passport-sized photograph (signed across, if required), and attach copies of all the mandatory documents (self-attest, if required). Step 3: Submit the duly filled and signed application form along with the documents (during office hours) to the Head Office only through Poompucar Sales and Manufacturing Plant Managers. Step 4: Request a receipt or acknowledgment from the concerned authority to whom the application has been submitted. Ensure that the receipt contains essential details such as the date and time of submission, and a unique identification number (if applicable).",,https://poompuhar.com/tnhdc/downloads/16355860722104819521.pdf,https://www.myscheme.gov.in/schemes/hea
Q0622,Indira Gandhi National Disability Pension Scheme - Tamil Nadu epdi apply panradhu?,Tanglish,application_help,igndpstn,Indira Gandhi National Disability Pension Scheme - Tamil Nadu,Department of Social Welfare and Women Empowerment,"Social welfare & Empowerment, Women and Child",Tamil_Nadu_scheme,"The 'Indira Gandhi National Disability Pension Scheme' is a state initiative by the Social Welfare and Women Empowerment Department, Government of Tamil Nadu. Its goal is to offer a ₹1,000 pension to individuals aged 18 and above. Eligibility criteria include a disability percentage of 80% or above.","1. The applicant should belong to the &quot;Below Poverty Line&quot; category. 1. The applicant&#39;s age should be 18 years and above. 1. The applicant should have a disability of 80% or above, or should have multiple disabilities.","**Pension:** - ₹1,000/- per month. **Free Clothes during Pongal and Deepavali:** - One free dhoti to a male pensioner. - One free saree to a female pensioner. **Free Rice in Anganwadi Centres:** - 2kg/month to those who are taking nutritious meal. - 4kg/month to those who are not taking nutritious meal.","Applicant's Photo. Aadhaar Card. Proof of age. Aadhaar Consent Form. Smart Ration Card or Any Address Proof. Self–declaration of Applicant. Any Identity Proof (Voter ID Card, Passport, PAN Card, Driving License (Optional)). Bank Passbook. BPL Card Number. Differently Abled ID card.","[Online - via CSC] Step 1: The applicant should gather copies of the necessary documents needed to apply for the concerned scheme. Step 2: The applicant should visit the nearest Common Service Center (CSC) and complete the Biometric Verification Process. Step 3: In the application form, fill in all the mandatory fields and upload copies of all the mandatory documents. Step 4: Request a receipt or acknowledgment from the concerned authority to whom the application has been submitted. Ensure that the receipt contains essential details such as the date and time of submission, and a unique identification number (if applicable).",,https://cms.tn.gov.in/sites/default/files/documents/swwe_e_cc_2022_23.pdf,https://www.myscheme.gov.in/schemes/igndpstn
Q0629,Indira Gandhi National Old Age Pension Scheme -Tamil Nadu ku eligibility enna?,Tanglish,eligibility_query,ignoapstn,Indira Gandhi National Old Age Pension Scheme -Tamil Nadu,Department of Social Welfare and Women Empowerment,Social welfare & Empowerment,Tamil_Nadu_scheme,"The 'Indira Gandhi National Old Age Pension Scheme' was launched by the Social Welfare and Women Empowerment Department, Government of Tamil Nadu. A pension of ₹1,000 is provided to destitute old age persons of 60 years and above belonging to households below the poverty line.",1. The applicant should be destitute. 1. The applicant&#39;s age should be 60 years and above. 1. The applicant should belong to the &quot;Below Poverty Line&quot; category.,"**Pension:** - ₹1,000/- per month. **Free Clothes during Pongal and Deepavali:** - One free dhoti to a male pensioner. - One free saree to a female pensioner. **Free Rice in Anganwadi Centres:** - 2kg/month to those who are taking nutritious meal. - 4kg/month to those who are not taking nutritious meal.","Applicant Photo. Aadhaar Card. Proof of age. Aadhaar Consent Form. Smart Ration Card or Any Address Proof. Self–declaration of Applicant. Any Identity Proof (Voter ID Card, Passport, PAN Card, Driving License). Bank Passbook. BPL Card Number.","[Online - via CSC] Step 1: The applicant should gather copies of the necessary documents needed to apply for the concerned scheme. Step 2: The applicant should visit the nearest Common Service Center (CSC) and complete the Biometric Verification Process. Step 3: In the application form, fill in all the mandatory fields and upload copies of all the mandatory documents. Step 4: Request a receipt or acknowledgment from the concerned authority to whom the application has been submitted. Ensure that the receipt contains essential details such as the date and time of submission, and a unique identification number (if applicable).",,https://cms.tn.gov.in/sites/default/files/documents/swwe_e_cc_2022_23.pdf,https://www.myscheme.gov.in/schemes/ignoapstn
Q0632,Indira Gandhi National Widow Pension Scheme - Tamil Nadu epdi apply panradhu?,Tanglish,application_help,ignwpstn,Indira Gandhi National Widow Pension Scheme - Tamil Nadu,Department of Social Welfare and Women Empowerment,"Social welfare & Empowerment, Women and Child",Tamil_Nadu_scheme,"'Indira Gandhi National Widow Pension Scheme' was launched by the Social Welfare and Women Empowerment Dept, Tamil Nadu. A pension of ₹1,000 is provided to destitute widows who are 40 years and above in age and belong to households below the poverty line.",1. The applicant should be a widow. 1. The applicant should be destitute. 1. The applicant should belong to the &quot;Below Poverty Line&quot; category. 1. The applicant&#39;s age should be 40 years and above.,"**Pension:** - ₹1,000/- per month. **Free Clothes during Pongal and Deepavali:** - One free saree. **Free Rice in Anganwadi Centres:** - 2kg/month to those who are taking nutritious meals. - 4kg/month to those who are not taking nutritious meals.","Applicant's Photo Aadhaar Card Proof of age Aadhaar Consent Form Smart Ration Card or Any Address Proof Husband Death Certificate Self–declaration of Applicant Widow Certificate Any Identity Proof (Voter ID Card, Passport, PAN Card, Driving License) Bank Passbook BPL Card Number","[Online - via CSC] Step 1: The applicant should gather copies of the necessary documents needed to apply for the concerned scheme. Step 2: The applicant should visit the nearest Common Service Center (CSC) and complete the Biometric Verification Process. Step 3: In the application form, fill in all the mandatory fields and upload copies of all the mandatory documents. Step 4: Request a receipt or acknowledgment from the concerned authority to whom the application has been submitted. Ensure that the receipt contains essential details such as the date and time of submission, and a unique identification number (if applicable).",,https://cms.tn.gov.in/sites/default/files/documents/swwe_e_cc_2022_23.pdf,https://www.myscheme.gov.in/schemes/ignwpstn
Q0644,Issuance of Free House Sites ku eligibility enna?,Tanglish,eligibility_query,iofhs,Issuance of Free House Sites,Backward Classes Most Backward Classes and Minorities Welfare Department,Social welfare & Empowerment,Tamil_Nadu_scheme,"This scheme provides free residential land sites to eligible individuals from the Backward Classes (BC), Most Backward Classes (MBC), and Denotified Communities (DNC) who do not own a house or land, helping them secure housing stability.","1. The beneficiary should be a resident of Tamil Nadu. 1. The beneficiary should belong to Backward Classes (BC)/ Most Backward Classes (MBC)/ and Denotified Communities (DNCs). 1. The beneficiary should not own any house or house site. 1. Annual income should not exceed ₹40,000/- in rural areas and ₹60,000/- in urban areas.",- Allocation of a free residential plot to eligible beneficiaries. &lt;br&gt;,"Identity proof (Aadhaar, PAN card, etc.). Proof of community (BC/MBC/DNC certificate). Income certificate. Proof of not owning a house or house site. Any other documents (if required).","[Offline] Step-1: The interested applicant should collect the application form by contacting the District Backward Classes and Minorities Welfare Officer of the concerned District. Step-2: In the application form, fill in all the mandatory fields, paste the passport-sized photograph (signed across, if required), and attach copies of all the mandatory documents (self-attest, if required). Step-3: Submit the duly filled and signed application form along with the documents to the concerned authority. Step-4: Request a receipt or acknowledgment from the concerned authority to whom the application has been submitted. Ensure that the receipt contains essential details such as the date and time of submission, a unique identification number (if applicable).",,https://www.bcmbcmw.tn.gov.in/welfschemes.htm,https://www.myscheme.gov.in/schemes/iofhs
Q0651,இந்த Large Sized Multi Purpose Coop. Society For Interest Free Loan பற்றி தகவல் வேண்டும்,Tamil,information_request,lsmpcifl,Large Sized Multi Purpose Coop. Society For Interest Free Loan,"Co-operation, Food and Consumer Protection Department","Banking,Financial Services and Insurance",Tamil_Nadu_scheme,"The scheme provides interest-free loans to citizens through a cooperative society. The maximum loan amount offered is ₹45,000/-, with zero interest charged.",- The beneficiary should be a resident of Tamil Nadu. - The beneficiary should be a member of a Large Sized Multi Purpose Cooperative Society. - The beneficiary should be interested in availing loan from the Large Sized Multi Purpose Cooperative Society.,"- **Access to Loan:** Loan up to ₹45,000/-. - **Interest Rate:** No interest.","Identity proof (Aadhaar, PAN card, etc.). Address proof. Proof of employment or Income Certificate (if applicable). Any other documents (if required).","[Offline] Step 1: The interested applicant should collect the application form by contacting the Special Officer of the Large Sized Multi Purpose Cooperative Society. Step 2: In the application form, fill in all the mandatory fields, paste the passport-sized photograph (signed across, if required), and attach copies of all the mandatory documents (self-attest, if required). Step 3: Submit the duly filled and signed application form along with the documents to the concerned authority.. Step 4: Request a receipt or acknowledgment from the concerned authority to whom the application has been submitted. Ensure that the receipt contains essential details such as the date and time of submission, a unique identification number (if applicable). Region-wise Address and Contact Information of Large Sized Multipurpose Cooperative Societies: https://www.rcs.tn.gov.in/mpd_cooperative_4.php",,https://www.tn.gov.in/scheme/data_view/3610,https://www.myscheme.gov.in/schemes/lsmpcifl
Q0662,Large Sized Multi-Purpose Coop. Society: Medium Term Loan to Tribal Members epdi apply panradhu?,Tanglish,application_help,lsmpcltt,Large Sized Multi-Purpose Coop. Society: Medium Term Loan to Tribal Members,"Co-operation, Food and Consumer Protection Department","Banking,Financial Services and Insurance",Tamil_Nadu_scheme,"The scheme offers medium-term loans of up to ₹60,000/- without interest to tribal members, enabling them to fulfill various financial needs.",- The beneficiary should be a resident of Tamil Nadu. - The beneficiary should belong to the Tribal category. - The beneficiary should be a member of a Large Sized Multi Purpose Cooperative Society. - The beneficiary should be interested in availing Medium Term Loan from the Large Sized Multi Purpose Cooperative Society. &lt;br&gt;,"- **Access to Loan:** Loan up to ₹60,000/-. - **Interest Rate:** No interest.","Identity proof (Aadhaar, PAN card, etc.). Address proof. Caste Certificate. Proof of employment or Income Certificate (if applicable). Any other documents (if required).","[Offline] Step 1: The interested applicant should collect the application form by contacting the Special Officer of the Large Sized Multi Purpose Cooperative Society. Step 2: In the application form, fill in all the mandatory fields, paste the passport-sized photograph (signed across, if required), and attach copies of all the mandatory documents (self-attest, if required). Step 3: Submit the duly filled and signed application form along with the documents to the concerned authority.. Step 4: Request a receipt or acknowledgment from the concerned authority to whom the application has been submitted. Ensure that the receipt contains essential details such as the date and time of submission, a unique identification number (if applicable). Region-wise Address and Contact Information of Large Sized Multipurpose Cooperative Societies: https://www.rcs.tn.gov.in/mpd_cooperative_4.php",,https://www.tn.gov.in/scheme/data_view/3611,https://www.myscheme.gov.in/schemes/lsmpcltt
Q0667,Living Craft Treasure Award epdi apply panradhu?,Tanglish,application_help,lcta,Living Craft Treasure Award,"Handlooms, Handicrafts, Textiles and Khadi Department","Skills & Employment, Social welfare & Empowerment, Sports & Culture",Tamil_Nadu_scheme,"The ""Living Craft Treasure Award"" scheme was launched by the Handlooms, Handicrafts, Textiles, and Khadi Department, Govt. of Tamil Nadu. This is the highest award for handicrafts at the state level was introduced in the year 2013-2014 to craftsperson of eminence who are above the age of 65 years.",1. The applicant should be an artisan. 1. The applicant should be a native of Tamil Nadu. 1. The applicant should be working in the handicraft industry in Tamil Nadu. 1. The applicant should be 65 years of age or above. 1. The experience of the craftsman and the service he has rendered in his profession&#39;s special features will be taken into consideration during selection.,"- Cash Prize of ₹1,00,000/-. - Thamirapattiram. - 8-gram Gold Medal. - Certificate.","Passport-size Photograph. Age Proof. Educational Certificate. Skill Qualification Certificate. Address Proof. Aadhaar Card. Front Page of Passbook. Craftsman Service photograph. Certificate of Any Person (Well-wisher/Personally aware). Artisan's Affidavit on ₹20/- Stamp Paper, attested by a First Class Criminal Judge or Notary Public. Recommendation Certificate, attested by any of the Managers of Poombucar Outlets and Manufacturing Plants / the respective Area Assistant Directors (Handicrafts / Craft Council (Tamil Nadu/India/World) under the Office of the Development Commissioner, New Delhi.","[Offline] Advertisements are released in June every year. Step 1: The interested applicant should take print of the prescribed format of the application form. Step 2: In the application form, fill in all the mandatory fields, paste the passport-sized photograph (signed across, if required), and attach copies of all the mandatory documents (self-attest, if required). Step 3: Submit the duly filled and signed application form along with the documents (during office hours-Monday-Friday) to the Head Office only through Poompucar Sales and Manufacturing Plant Managers. Step 4: Request a receipt or acknowledgment from the concerned authority to whom the application has been submitted. Ensure that the receipt contains essential details such as the date and time of submission, and a unique identification number (if applicable). NOTE: Artisans participating in the examination should send the handicrafts. Application and all documents attached with applications should be on A4 size paper. All documents should be done. Page Numbered and Spiral Binding. All the above should be sent details and recording on CD.",,https://poompuhar.com/tnhdc/downloads/16966657771539106549.pdf,https://www.myscheme.gov.in/schemes/lcta
Q0673,What documents are needed for Low Tension Power Tariff (LTPT) Subsidy?,English,document_help,ltpts,Low Tension Power Tariff (LTPT) Subsidy,Micro Small and Medium Enterprises Department,"Business & Entrepreneurship, Utility & Sanitation",Tamil_Nadu_scheme,"The scheme ""Low Tension Power Tariff (LTPT) Subsidy"" is introduced to assist MSME enterprises in reducing their electricity costs. A subsidy of 20% is given for 36 months from the date of commencement of production or from the date of obtaining power connection, whichever is later.","> **For New Enterprises** - All new Micro manufacturing enterprises established anywhere in the State - All new Small and Medium manufacturing enterprises established in all the 251 industrially backward blocks. - All new Agro-based industries in 385 blocks in the state. <br> > **For Expansion/diversification Enterprises** - Existing Manufacturing Enterprises of the above categories that have taken up substantial expansion/diversification of the existing activities, subject to the condition that expansion ( or) diversification involves enhancement of plant and machinery value by at least 25 % of the value of existing plant and machinery and also involving enhancement of turnover by 25 % for the same product (or) new products lines. **NOTE:** Only the enterprises using Low Tension Power supply (Tariff III B) are eligible. <br> > **Cases Involved in Multiple Service Connection of an Enterprise** In cases of enterprises having multiple LT connections in the same premises, LTPT subsidy would be eligible for the first service connection only. However, if the enterprise has branch unit(s) in a different location(s) then an LTPT subsidy will be given to each of the LT connections (first LT service connection only)subject to the satisfaction of the above norm.","LTPT subsidy of 20% is given for 36 months from the date of commencement of production or from the date of obtaining power connection, whichever is later, after allotment of an Entrepreneur Memorandum (Part 2) number from the District Industries Centres.","For Eligibility Certificate ApplicationAttested Copy of EB Meter Card. Copy of Udyog Aadhaar Memorandum. For Subsidy Application (II C)Attested Copy of EB Meter Card. Attested Copies of the Bills and Copies of Receipts. Advance Stamped Receipt. Copy of Udyog Aadhaar Memorandum. Copy of Eligible Certificate (EC). NOTE: All Original documents should be produced for verification and returned at the time of inspection. If the originals are in the bank, the copies should be duly attested by the Branch Manager of the bank that financed the project. NOTE: The file type should be PDF (.pdf). The file size should be less than 200 kb.","[Online] *Access the User Manual for Online Application here Step 1: RegistrationVisit the Official Website/Portal of the Micro, Small, and Medium Enterprises Department of the Government of Tamil Nadu. In the top ribbon, click ""Login / Registration"". In the registration form, fill in the mandatory details accurately, Name, Date of Birth, Aadhaar Number, Email ID, and Mobile Number. Create a new password. The password must contain a minimum of 8 characters, 1 Upper Case Letter, 1 Lower Case Letter, and 1 Numeric Field. Fill in the captcha code, and click ""Register"". Step 2: LoginVisit the Login Page and click ""Login"", and then fill in the credentials received on your registered Email ID and the registered Mobile Number. Step 3: Form FillingAfter successfully logging in, hover over ""Schemes"" in the top ribbon, and then click on the concerned scheme from the dropdown. On the next page, hover over ""Apply Online"" in the top ribbon, and then click on ""New Application"" from the dropdown. Fill in all the mandatory fields of the Application Form. Carefully review all the information provided, acknowledge and agree to the terms and conditions, declaration, and privacy policy, and then click ""Proceed"". Note down the reference number appearing on the screen and then click ""Close"". Step 4: Upload DocumentsNow, hover over ""Schemes"" in the top ribbon, and then click ""Upload Documents"" from the dropdown. On the next page, provide the Application ID and click ""Submit"". On the next page, upload all the mandatory documents in the specified format and size. After uploading the documents, click ""View"" to verify the documents uploaded for correctness. Step 5: SubmissionFill in all the checkboxes appearing at the bottom of the screen and then click ""Submit Application"". The message regarding the submission of the online application to GM/DIC / RJD will be received on your mobile phone. (Optional) Step 6: Track Application Status You can check the status of your application here. The portal may provide updates via email or SMS regarding your application status. *Access the Preview of the Application Form here *Access the Sample of a Filled Application Form here",,https://www.msmeonline.tn.gov.in/incentives/html_cye_ltpt.php,https://www.myscheme.gov.in/schemes/ltpts
Q0680,What benefits are available under Magnifiers - Tamil Nadu?,English,benefit_query,mbwodapd,Magnifiers - Tamil Nadu,Welfare of Differently Abled Persons Department,Social welfare & Empowerment,Tamil_Nadu_scheme,"The Department launched the ""Magnifiers by Welfare of Differently Abled Persons Department"" scheme for differently-abled persons. Under this scheme, magnifiers are distributed to needy students with low vision to enable them to read books.",1. The beneficiary should be a student. 1. The beneficiary should be a person with low vision.,- **Free distribution of magnifiers.**,National Identity Card of the Differently Abled Person. Any Other Documents If Required.,"[Offline] Step 1: The interested applicant should visit (during office hours) the District Differently Abled Welfare Officer and request a hard copy of the prescribed format of the application form from the staff exclusively entrusted to issue and collect filled-in applications. Step 2: In the application form, fill in all the mandatory fields, and attach copies of all the mandatory documents (self-attest, if required). Step 3: Submit the duly filled and signed application form along with the documents to the District Differently Abled Welfare Officer. Step 4: Request a receipt or acknowledgment from the District Differently Abled Welfare Officer to whom the application has been submitted. Ensure that the receipt contains essential details such as the date and time of submission, and a unique identification number (if applicable).",,https://cms.tn.gov.in/sites/default/files/documents/wda_e_cc_2022_23.pdf,https://www.myscheme.gov.in/schemes/mbwodapd
Q0694,Maintenance Allowance to Intellectually Disabled Persons ku eligibility enna?,Tanglish,eligibility_query,matidp,Maintenance Allowance to Intellectually Disabled Persons,Welfare of Differently Abled Persons Department,Social welfare & Empowerment,Tamil_Nadu_scheme,"The 'Maintenance Allowance to Intellectually Disabled Persons' scheme was launched by the Department for the Welfare of Differently Abled Persons, Govt of Tamil Nadu. The scheme aims to provide a maintenance allowance to intellectually disabled persons.",1. The applicant should be an intellectually disabled person. 1. The percentage of disability should be 40% and above.,"Financial Assistance of ₹2,000/- per month. **NOTE:** The allowance is sent through ECS to their accounts directly from the Treasury. <br>",National Identity Card of the Differently Abled Person. Family Card. Bank Account Detail. Any Other Documents If Required.,"[Offline] Step 1: The interested applicant should visit (during office hours) the District Differently Abled Welfare Office and request a hard copy of the prescribed format of the application form from the staff exclusively entrusted to issue and collect filled-in applications. Step 2: In the application form, fill in all the mandatory fields, and attach copies of all the mandatory documents (self-attest, if required). Step 3: Submit the duly filled and signed application form along with the documents to the District Differently Abled Welfare Officer. Step 4: Request a receipt or acknowledgment from the District Differently Abled Welfare Officer to whom the application has been submitted. Ensure that the receipt contains essential details such as the date and time of submission, and a unique identification number (if applicable).",,https://cms.tn.gov.in/sites/default/files/documents/wda_e_cc_2022_23.pdf,https://www.myscheme.gov.in/schemes/matidp
Q0706,இந்த Marriage Assistance - Folk Artist பற்றி தகவல் வேண்டும்,Tamil,information_request,mafa,Marriage Assistance - Folk Artist,Art and Culture Department,"Women and Child, Sports & Culture, Social welfare & Empowerment",Tamil_Nadu_scheme,"The scheme ""Marriage Assistance"" was launched by the Art and Culture Department, Government of Tamil Nadu. This scheme provides financial assistance for the marriage of registered folk artists, or their son or daughter. The assistance aims to support the cultural community by helping with marriage.","1. The applicant should be a registered folk artist. 1. The registered folk artist must have no dues payable to the Board. 1. The registered folk artist can apply for financial assistance for their marriage or adult children (son or daughter). 1. The registered folk artist and the person getting married must attain the age prescribed by law for marriage. 1. If both husband and wife are registered folk artists, only one of them is eligible for this assistance per marriage. 1. The family of a registered folk artiste can avail of this assistance only twice.","- **Financial Assistance of ₹2,000/-.**",Registration Card of the Folk Artist. Certificate from the Village Administrative Officer or Revenue Officer (stating that the applicant has not obtained this assistance from any other schemes) Marriage Invitation. Marriage Photo. Witness Photo (from anyone who attained the marriage).,"[Offline] Step 1: The interested applicant should visit (during office hours) the regional office and request the hard copy of the prescribed format of the application form XIII from the staff exclusively entrusted to issue and collect filled-in applications. Step 2: In the application form, fill in all the mandatory fields, and attach copies of all the mandatory documents (self-attest, if required). Step 3: Submit the duly filled and signed application form along with the documents to the Assistant Director/Deputy Director in the regional offices. Step 4: Request a receipt or acknowledgment from the Assistant Director/Deputy Director to whom the application has been submitted. Ensure that the receipt contains essential details such as the date and time of submission, and a unique identification number (if applicable).",,https://cms.tn.gov.in/sites/default/files/gos/tour-e-3-2008.pdf,https://www.myscheme.gov.in/schemes/mafa
Q0712,Marriage Assistance to Differently Abled Persons Marrying Differently Abled Persons epdi apply panradhu?,Tanglish,application_help,matdapmdap,Marriage Assistance to Differently Abled Persons Marrying Differently Abled Persons,Welfare of Differently Abled Persons Department,Social welfare & Empowerment,Tamil_Nadu_scheme,"The scheme 'Marriage Assistance to Differently Abled Persons Marrying Differently Abled Persons' was launched by the Department for the Welfare of Differently Abled Persons, Government of Tamil Nadu. The scheme aims to provide financial assistance to differently-abled couple.","1. The couple should be differently abled. 1. The differently abled person should marry a differently abled person. 1. The age of the couple (both) should be above 18 years. 1. The bride and groom fall under one of the 21 categories of differently-abled persons as per Section 2(Zc) of the Rights of Persons with Disabilities Act, 2016. <br> **Additional Eligibility:** 1. Differently abled individuals holding a degree or diploma are eligible to receive increased assistance.","1. Marriage assistance amount: ₹25,000/- as - ₹12,500/- National Savings Certificate. - ₹12,500/- cheque/Demand Draft for marriage expenses. 1. Additional benefit if either spouse has a degree/diploma: Increased amount to ₹50,000/-. - ₹25,000/- National Savings Certificate. - ₹25,000/- cheque/Demand Draft. 1. Other Benefits: - Certificate of appreciation. - 8 gram gold coin for Tirumangalyam (a traditional South Indian symbol of marriage for women).",National Identity Card of the Differently-Abled Bride and Groom. Marriage Certificate. Age Proof of Bride and Groom. Degree or Diploma Certificate Bride and(or) Groom.,"[Offline] Step 1: The interested applicant should visit (during office hours) the District Differently Abled Welfare Office and request a hard copy of the prescribed format of the application form from the staff exclusively entrusted to issue and collect filled-in applications. Step 2: In the application form, fill in all the mandatory fields, and attach copies of all the mandatory documents (self-attest, if required). Step 3: Submit the duly filled and signed application form along with the documents to the District Differently Abled Welfare Officer. Step 4: Request a receipt or acknowledgment from the District Differently Abled Welfare Officer to whom the application has been submitted. Ensure that the receipt contains essential details such as the date and time of submission, and a unique identification number (if applicable).",,https://cms.tn.gov.in/sites/default/files/documents/wda_e_cc_2022_23.pdf,https://www.myscheme.gov.in/schemes/matdapmdap
Q0719,Marriage Assistance to Normal Persons Marrying Orthopedically Differently Abled Persons ku eligibility enna?,Tanglish,eligibility_query,matnpmvip,Marriage Assistance to Normal Persons Marrying Orthopedically Differently Abled Persons,Welfare of Differently Abled Persons Department,Social welfare & Empowerment,Tamil_Nadu_scheme,"The scheme 'Marriage Assistance to Normal Persons Marrying Orthopedically Differently Abled Persons' was launched by the Department for the Welfare of Differently Abled Persons, Government of Tamil Nadu. The scheme aims to provide marriage assistance to a normal person.",1. A normal person should marry an orthopedically differently abled person. 1. The age of the couple (both) should be above 18 years. <br> > **Additional Eligibility:** 1. The normal person and orthopedically differently abled person individuals holding a degree or diploma are eligible to receive increased assistance.,"1. Marriage assistance amount: ₹25,000/- as - ₹12,500/- National Savings Certificate - ₹12,500/- cheque/Demand Draft for marriage expenses 1. Additional benefit if either spouse has a degree/diploma: Increased amount to ₹50,000/- - ₹25,000/- National Savings Certificate - ₹25,000/- cheque/Demand Draft 1. Other Benefits: - Certificate of appreciation - 8 gram gold coin for Tirumangalyam (a traditional South Indian symbol of marriage for women)",National Identity Card of the Differently abled Bride and Groom Marriage Certificate. Age Proof of Bride and Groom Degree or Diploma Certificate Bride and(or) Groom.,"[Offline] Step 1: The interested applicant should visit (during office hours) the District Differently Abled Welfare Office and request a hard copy of the prescribed format of the application form from the staff exclusively entrusted to issue and collect filled-in applications. Step 2: In the application form, fill in all the mandatory fields, and attach copies of all the mandatory documents (self-attest, if required). Step 3: Submit the duly filled and signed application form along with the documents to the District Differently Abled Welfare Officer. Step 4: Request a receipt or acknowledgment from the District Differently Abled Welfare Officer to whom the application has been submitted. Ensure that the receipt contains essential details such as the date and time of submission, and a unique identification number (if applicable).",,https://cms.tn.gov.in/sites/default/files/documents/wda_e_cc_2022_23.pdf,https://www.myscheme.gov.in/schemes/matnpmvip
Q0723,What documents are needed for Marriage Assistance to Normal Persons Marrying Speech and Hearing Impaired Persons?,English,document_help,matnpmsahip,Marriage Assistance to Normal Persons Marrying Speech and Hearing Impaired Persons,Welfare of Differently Abled Persons Department,Social welfare & Empowerment,Tamil_Nadu_scheme,"The scheme 'Marriage Assistance to Normal Persons Marrying Speech and Hearing Impaired Persons' was launched by the Department for the Welfare of Differently Abled Persons, Government of Tamil Nadu. The scheme aims to provide financial assistance to differently-abled couple.",1. A normal person should marry a speech and hearing-impaired person. 1. The age of the couple (both) should be above 18 years. <br> > **Additional Eligibility:** 1. The normal person and speech and hearing-impaired person individuals holding a degree or diploma are eligible to receive increased assistance.,"1. Marriage assistance amount: ₹25,000/- as - ₹12,500/- National Savings Certificate. - ₹12,500/- cheque/Demand Draft for marriage expenses. 1. Additional benefit if either spouse has a degree/diploma: Increased amount to ₹50,000/- - ₹25,000/- National Savings Certificate. - ₹25,000/- cheque/Demand Draft. 1. Other Benefits: - Certificate of appreciation. - 8 gram gold coin for Tirumangalyam (a traditional South Indian symbol of marriage for women).",National Identity Card of the differently abled Bride and Groom. Marriage Certificate. Age Proof of Bride and Groom. Degree or Diploma Certificate Bride or Groom.,"[Offline] Step 1: The interested applicant should visit (during office hours) the District Differently Abled Welfare Office and request a hard copy of the prescribed format of the application form from the staff exclusively entrusted to issue and collect filled-in applications. Step 2: In the application form, fill in all the mandatory fields, and attach copies of all the mandatory documents (self-attest, if required). Step 3: Submit the duly filled and signed application form along with the documents to the District Differently Abled Welfare Officer. Step 4: Request a receipt or acknowledgment from the District Differently Abled Welfare Officer to whom the application has been submitted. Ensure that the receipt contains essential details such as the date and time of submission, and a unique identification number (if applicable).",,https://cms.tn.gov.in/sites/default/files/documents/wda_e_cc_2022_23.pdf,https://www.myscheme.gov.in/schemes/matnpmsahip
Q0733,What documents are needed for Micro Nutrient Spray?,English,document_help,mns,Micro Nutrient Spray,Agriculture Department,"Agriculture,Rural & Environment",Tamil_Nadu_scheme,"The “Micro Nutrient Spray” scheme provides a 50% subsidy or ₹70/- per hectare to eligible farmers, with a focus on ensuring benefits to SC/ST and women farmers.",- The beneficiary should be a Farmer. - The beneficiary should be a resident of Tamil Nadu. &lt;br&gt;,- **Financial Assistance:** 50% subsidy or ₹70/- per hectare for micro-nutrient spray. &lt;br&gt;,"Proof of identity (Aadhar card, Voter ID) Land ownership documents or lease agreement. Caste certificate (for SC/ST applicants). Any other documents (if required).","[Offline] Step 1: Collect the application form from the nearest Agricultural Office. Step 2: Fill out the application form with the required details and attach mandatory documents (self-attested, if required). Step 3: Submit the form to the concerned office: Village Level: Submit the application to the Assistant Agricultural Officer.Block Level: Submit to the Agricultural Officer or Deputy Agricultural Officer.District Level: Submit to the Joint Director of Agriculture.",,https://www.tn.gov.in/scheme/data_view/7084,https://www.myscheme.gov.in/schemes/mns
Q0738,What documents are needed for Migrants Employment Generation Programme?,English,document_help,megp,Migrants Employment Generation Programme,Micro Small and Medium Enterprises Department,Business & Entrepreneurship,Tamil_Nadu_scheme,"The Government of Tamil Nadu has launched the “Migrants Employment Generation Programme (MEGP)” for the Non-Resident Tamils, who returned back to Tamil Nadu due to Covid-19 Pandemic.","1. The applicant should have returned to Tamil Nadu on &amp;amp; after 01-01-2020 due to the Covid-19 outbreak. 1. The age of the applicant should be between 18 to 45 years in general and for special categories (Women/Minorities/ BC/MBC/SC/ST/Ex-servicemen/Transgender/Differently abled), the age relaxation is up to 55 years. 1. The applicant should possess a minimum educational qualification of 8th standard pass. 1. The family income of the applicant should be below ₹5.00 lakh. 1. The maximum project costs for Manufacturing / Trading / Service projects should be ₹15.00 lakh / ₹5.00 lakh / ₹5.00 lakh respectively. 1. The applicant’s/promoter’s contribution should be 10% of the project cost for the General category and 5% for the Special Category.","1. Under the scheme, the subsidy @ 25% of the project cost will be sanctioned to the beneficiaries subject to a maximum of ₹2.5 lakhs.","1. Identity proof i.e. copy of Election ID Card/ Aadhaar card 2. Copy of PAN Card 3. Passport size photo 4. Proof of Educational Qualification 5. Proof of age 6. Caste/Community Certificate 7. Residence proof 8. Valid certificate for the proof of Ex-Serviceman /Differently abled /Transgender 9. Bank account details 10. Any other documents, if required","[Online] Application Processes: Step 01: The applicant willing to avail loan under the MEGP scheme should fill up the online application through the Official Website of the Micro, Small and Medium Enterprises Department, Government of Tamil Nadu. Step 02: On the home page, click on “Apply Online” and then “New Application”. Step 03: Click on ‘Register’ and fill in the details like Name, Date of Birth, Email ID, Aadhaar Number & Mobile Number. Step 04: After successful registration, click on ‘login’ and fill in all the mandatory details. Step 05: Upload all the necessary documents and submit the application form. Post-Application Processes: Step 01: The applications received by District Industries Centres will be scrutinized and shall be placed before the Task Force Committee at least once a month. Step 02: The Selection will be based on the experience, qualification, skill, viability of the project, marketability, etc. Step 03: The bank branches shall call for personal interviews with the applications to provide subsequent provisional sanctions by them. The provisional sanctions Shall be intimated to the. District Industries Centres concerned. Step 04: The District Industries Centres shall arrange for compulsory Entrepreneur Development Program training for a period of two days by the Entrepreneur Development Institute and on completion, Entrepreneur Development Institute will issue certificates. Step 05: After successful completion of Entrepreneur Development Program training, the beneficiary will deposit the Promoter's Contribution with the bank. Thereafter, the bank will disburse the 1st installment of the finance to the beneficiary on the production of the training completion certificates. Step 06: The respective disbursement advice should be forwarded to District Industries Centres along with the subsidy claims. Step 07: The Tamil Nadu Government subsidy amount will be drawn by the Commissioner of Rehabilitation and Welfare of Non-Resident Tamils and disbursed to the Industries Commissioner and Director of Industries and Commerce, where it will be transferred through Direct Benefit Transfer (D.B.T.) Mode with the lead district Bank and they will act as District Level Nodal Bank. Interest accrual, if any, shall be adjusted against the sanction of the contingency fund. Step 08: On receipt of the Subsidy claim raised by the financing branch duly countersigned by General Manager, District Industries Centre, District Nodal Bank will release the subsidy to financing bank branches. Step 09: The subsidy will be deposited in a Term Deposit Receipt (TDR) for 3 years at the financing bank branch level in the name of the beneficiary. No interest will be paid on the Term Deposit Receipt and no interest will be charged on a loan amount equal to the amount of the Term Deposit Receipt. Step 10: The subsidy will be credited to the borrower's loan account after 3 years from the date of first disbursement to the borrower by the bank. In case the bank's advance goes bad before the-three years period, due to reasons, beyond the -control of the beneficiary, the subsidy will be adjusted by the Bank to liquidate the loan liability of the borrower either in part or full. Step 11: The total subsidy amount shall be obtained through Government sanction in the formal Government Order by the Commissionerate of Rehabilitation and Welfare of Non-Resident Tamils with relevance to their targets to be allotted by the office of Industries Commissioner and Director of Industries Commerce during the beginning of the Financial Year. Procedure for Online Filling of Application Dos and Don’ts",,https://msmeonline.tn.gov.in/megp/megp_desc.php,https://www.myscheme.gov.in/schemes/megp
Q0742,Modified Special Wheel Chairs for Persons Affected with Cerebral Palsy epdi apply panradhu?,Tanglish,application_help,mswcfpawcp,Modified Special Wheel Chairs for Persons Affected with Cerebral Palsy,Welfare of Differently Abled Persons Department,Social welfare & Empowerment,Tamil_Nadu_scheme,"The 'Modified Special Wheel Chairs for Persons Affected with Cerebral Palsy' scheme was launched by the Department for the Welfare of differently abled Persons, Govt. of Tamil Nadu. The scheme aims to provide modified special wheel chairs to cerebral palsy affected differently abled persons.",1. The person&#39;s age should be 12 years or above. 1. The person should be affected with cerebral palsy. 1. The person should be a resident of the district/area in Tamil Nadu.,- **Free distribution of modified special wheel chairs.**,National Identity Card of the Differently-Abled. Any Other Document If Required.,"[Offline] Step 1: The interested applicant should visit (during office hours) the District Differently Abled Welfare Office and request a hard copy of the prescribed format of the application form from the staff exclusively entrusted to issue and collect filled-in applications. Step 2: In the application form, fill in all the mandatory fields, and attach copies of all the mandatory documents (self-attest, if required). Step 3: Submit the duly filled and signed application form along with the documents to the District Differently Abled Welfare Officer. Step 4: Request a receipt or acknowledgment from the District Differently Abled Welfare Officer to whom the application has been submitted. Ensure that the receipt contains essential details such as the date and time of submission, and a unique identification number (if applicable).",,https://cms.tn.gov.in/sites/default/files/documents/wda_e_cc_2022_23.pdf,https://www.myscheme.gov.in/schemes/mswcfpawcp
Q0747,Modular Functional Artificial Limbs epdi apply panradhu?,Tanglish,application_help,mfal,Modular Functional Artificial Limbs,Welfare of Differently Abled Persons Department,Social welfare & Empowerment,Tamil_Nadu_scheme,"The 'Modular Functional Artificial Limbs' scheme was launched by the Department for the Welfare of Differently Abled Persons, Government of Tamil Nadu. Under this scheme, modular functional artificial limbs are provided for orthopedically differently-abled students, employed or self-employed.",1. The applicant should be an orthopedically differently-abled person. 1. The applicant should be a resident of the area/district of Tamil Nadu. 1. The applicant should be any one of the following: - Student. - Employed. - Self-Employed.,- **Free distribution of modular functional artificial limbs.**,National Identity Card of the Differently abled,"[Offline] Step 1: The interested applicant should visit (during office hours) the District Differently Abled Welfare Office and request a hard copy of the prescribed format of the application form from the staff exclusively entrusted to issue and collect filled-in applications. Step 2: In the application form, fill in all the mandatory fields, and attach copies of all the mandatory documents (self-attest, if required). Step 3: Submit the duly filled and signed application form along with the documents to the District Differently Abled Welfare Officer. Step 4: Request a receipt or acknowledgment from the District Differently Abled Welfare Officer to whom the application has been submitted. Ensure that the receipt contains essential details such as the date and time of submission, and a unique identification number (if applicable).",,https://cms.tn.gov.in/sites/default/files/documents/wda_e_cc_2022_23.pdf,https://www.myscheme.gov.in/schemes/mfal
Q0755,What benefits are available under Modular Reflective Folding Sticks (Smartcane)?,English,benefit_query,mrfss,Modular Reflective Folding Sticks (Smartcane),Welfare of Differently Abled Persons Department,Social welfare & Empowerment,Tamil_Nadu_scheme,The 'Modular Reflective Folding Sticks (Smartcane)' scheme was launched by the Department for the Welfare of Differently Abled Persons Govt. of Tamil Nadu. The scheme aims to distribute modular reflective folding sticks to needy visually impaired persons for self-orientation & independent mobility.,- The applicant should be a visually impaired person.,- **Free distribution of modular reflective folding sticks.**,National Identity Card of the Differently-Abled. Any Other Document If Required.,"[Offline] Step 1: The interested applicant should visit (during office hours) the District Differently Abled Welfare Office and request a hard copy of the prescribed format of the application form from the staff exclusively entrusted to issue and collect filled-in applications. Step 2: In the application form, fill in all the mandatory fields, and attach copies of all the mandatory documents (self-attest, if required). Step 3: Submit the duly filled and signed application form along with the documents to the District Differently Abled Welfare Officer. Step 4: Request a receipt or acknowledgment from the District Differently Abled Welfare Officer to whom the application has been submitted. Ensure that the receipt contains essential details such as the date and time of submission, and a unique identification number (if applicable).",,https://cms.tn.gov.in/sites/default/files/documents/wda_e_cc_2022_23.pdf,https://www.myscheme.gov.in/schemes/mrfss
Q0760,What benefits are available under Moovalur Ramamirtham Ammaiyar Higher Education Assurance Scheme?,English,benefit_query,pudhumai-penn-scheme,Moovalur Ramamirtham Ammaiyar Higher Education Assurance Scheme,Department of Social Welfare and Women Empowerment,"Education & Learning, Women and Child",Tamil_Nadu_scheme,"The scheme “Moovalur Ramamirtham Ammaiyar Higher Education Assurance Scheme” was launched by the Department of Social Welfare & Women Empowerment, Government of Tamil Nadu.","1. The applicant should be residing in the state of Tamil Nadu. 1. The applicant should be a student. 1. The applicant should be a female to avail of benefits from this scheme. 1. All girl students who studied from Classes 6th to 12th in Government schools of Tamil Nadu are eligible to apply under the scheme. 1. The assistance can be extended to any number of girl students in a family pursuing higher education at recognized Institutions/Colleges/Universities. 1. The girl students should pursue their education in recognized courses and colleges/universities. 1. Only the first course of higher education will be considered as an eligible factor. **Note 01:** The girl students availing of other scholarships are also eligible to enroll in this scheme. **Note 02:** The higher education department facilitates opening a &amp;quot;zero balance&amp;quot; bank account and certifying every six months in a year viz., 30th June and 31st December on the bonafide status of the girl students who had applied. **Note 03:** Four core banks viz., Indian Bank, Canara Bank, Indian Overseas Bank, and SBI have been identified to open bank accounts to the students wherever necessary to furnish the debit card.","1. All girl students who studied from Classes 6th to 12th in Government schools will be paid ₹1,000/- per month till the completion of their undergraduate degree, diploma, ITI, and any other recognized course. 1. The assistance amount under this scheme will be disbursed directly into the student’s Bank Account. 1. The students shall be eligible for this in addition to other scholarships.",Identity proof Passport size photos Residence Certificate Educational Certificates Family Income Certificate (If applicable) Bank account details,"[Online] Step 01: To avail of the benefits of the scheme, the applicants (girl students) should visit the Official Portal 'Penkalvi’. Step 02: On the home page of Portal & if you are already registered, enter your login information or select the registration option. Step 03: Login successfully after successful registration. Step 04: Check the information provided in the application form and fill it out completely. Step 05: Upload all the relevant documents and select the option to submit the application form.",,https://www.tnsocialwelfare.tn.gov.in/en/specilisationswomen-welfare/pudhumai-penn-scheme,https://www.myscheme.gov.in/schemes/pudhumai-penn-scheme
Q0765,What benefits are available under Moovalur Ramamirtham Ammaiyar Ninaivu Marriage Assistance Scheme - II?,English,benefit_query,mranmas-ii,Moovalur Ramamirtham Ammaiyar Ninaivu Marriage Assistance Scheme - II,Social Welfare and Nutritious Meal Programme Department,"Social welfare & Empowerment, Women and Child",Tamil_Nadu_scheme,"The scheme ""Moovalur Ramamirtham Ammaiyar Ninaivu Marriage Assistance Scheme - II"" was launched by the Social Welfare and Nutritious Meal Programme Department, Government of Tamil Nadu. The scheme aims to assist poor parents in getting their daughters married & to promote education status.","1. The applicant should be a girl. 1. The bride should be 18 years or above at the time of marriage. 1. The bride should be a degree holder from a regular college, Distance Education / Government recognized Open University Or diploma holder should have qualified from Institutions recognized by the Directorate of Technical Education, Government of Tamil Nadu. 1. The bride&#39;s family income should not exceed ₹24,000/- per annum. 1. The assistance is given to only one girl in a family.","- Financial assistance of ₹50,000/-. - One sovereign (4gm) 22-carat gold coin for making Thirumangalyam. **NOTE:** The benefit will be given in the bride&#39;s mother or father&#39;s name. In case of the death of the parents, it will be given to the bride.",Copy of School Transfer Certificate. Copy of Degree / Diploma Certificate. Income Certificate. Marriage Invitation.,"[Offline] Step 1: The interested applicant should visit (during office hours) the District Social Welfare Officers and request a hard copy of the prescribed format of the application form from the staff exclusively entrusted to issue and collect filled-in applications. Step 2: In the application form, fill in all the mandatory fields, and attach copies of all the mandatory documents (self-attest, if required). Step 3: Submit the duly filled and signed application form along with the documents to the District Social Welfare Officers. Step 4: Request a receipt or acknowledgment from the District Social Welfare Officer/Extension Officer (SW)/Rural Welfare Officer (Women) to whom the application has been submitted. Ensure that the receipt contains essential details such as the date and time of submission, and a unique identification number (if applicable). NOTE: The application should be submitted within 40 days before the date of the marriage. In exceptional circumstances, applications can be accepted up to one day before the marriage.",,https://cms.tn.gov.in/sites/default/files/whatsnew/socialwelfare.pdf,https://www.myscheme.gov.in/schemes/mranmas-ii
Q0766,இந்த Moovalur Ramamirtham Ammaiyar Ninaivu Marriage Assistance Scheme-1 பற்றி தகவல் வேண்டும்,Tamil,information_request,mranmas1,Moovalur Ramamirtham Ammaiyar Ninaivu Marriage Assistance Scheme-1,Social Reforms Department,"Social welfare & Empowerment, Women and Child",Tamil_Nadu_scheme,"In this scheme, ₹ 25,000/- and an 8-gram gold coin is given to brides who have studied Class 10th. This scheme is only applicable for the marriage conducted from 17th May 2011 onwards. The objective of the scheme is to help financially poor parents in getting their daughters mar","1. The annual income of the family of the applicant should not exceed ₹72,000/-. 1. The girl should be of the legal marriage age, i.e. 18 years or above. 1. The boy should be of the legal marriage age, i.e. 21 years or above. 1. The girl should have studied upto 10th Standard. As a special case, a bride from the Scheduled Tribe community, with a minimum education of 5th Standard, can also avail of this scheme. 1. Only one girl from a family is eligible.","1. Cash assistance of **₹ 25,000** (paid through the Electronic Clearing Service ECS).1. One Sovereign (8 gram) 22-carat **Gold Coin**. **NOTE:** In case of death of parents, assistance is given to the daughter.","Income Certificate. Community Certificate. Marriage Invitation. Copy of School Certificate. Copy of Marksheet of Class 10th. Ration Card. Transfer Certificate (or) Age Certificate for Bridegroom. Passport Sized Photo of the Mother of the Bride, Bridegroom, and their Mother & Father. Bank Pass Book. Aadhar Card of the Bride’s Mother and Father.","[Offline] Step 1: Visit the District Social Welfare Office, and request a hard copy of the proforma of the application form for the scheme from the District Social Welfare Officer (DSWO) / Concerned Authority. Step 2: In the application form, fill in all the mandatory fields, paste the passport-sized photograph (signed across), and attach copies of all the mandatory documents (self-attest if required). Step 3: Submit the duly filled and signed application form along with the documents to the District Social Welfare Officer. Step 4: Acquire the receipt/acknowledgement of the successful submission of the application from the District Social Welfare Office. Check Application Status: The District Social Welfare Officer (DSWO) can be contacted regarding the application status of the scheme.",,https://www.tnsocialwelfare.tn.gov.in/en/specilisationswomen-welfare/marriage-assistance-schemes,https://www.myscheme.gov.in/schemes/mranmas1
Q0773,What documents are needed for Msme Skill Training And Employment Scheme?,English,document_help,msme-stes,Msme Skill Training And Employment Scheme,Micro Small and Medium Enterprises Department,Skills & Employment,Tamil_Nadu_scheme,"The scheme “MSME Skill Training and Employment Scheme” was launched by the Department of Micro, Small and Medium Enterprises, Government of Tamil Nadu during the years 2021-22.","1. The applicant should be an MSME unit in the state who has the requisite infrastructure. 1. Only in respect of vocation/trade in which MSMEs have expertise will be encouraged, MSME units should have experience, expertise, and running business. 1. The trainees selected by the applicant (MSME) shall be between 18 to 25 years of age. 1. The trainees selected by the applicant shall have an engineering degree, a polytechnic diploma, or an Industrial Training Institute (ITI) certificate, or qualification as prescribed by the respective sector skill council. 1. The applicant shall provide the trainee with a stipend of ₹5000/- per month, for a maximum of 6 months. 1. The applicant, MSME Unit, should not have been blacklisted at any point in time by any Government Norms/Rules/Acts. **Note:** The scheme is funded by Tamil Nadu Skill Development Corporation (TNSDC)","1. Under the scheme, the subsidy will be provided to the MSMEs for training; subject to a maximum of ₹2000/- per month per candidate for a maximum of 6 months. 1. Certificates will be provided by the National Skill Development Corporation (NSDC), after the assessment of acquired skills by the trained candidates.","Copy of Udyog Aadhaar Memorandum (UAM) Acknowledgement Details of infrastructure facilities available such as machinery & equipment, facility for theoretical training, etc. for imparting training. Self-certified Affidavit by the trainees in the prescribed format Any other relevant documents as deemed to be necessary.","[Online] Step 01: The applicant (MSME) may apply online through the Official Website of the Micro, Small and Medium Enterprises Department, Government of Tamil Nadu. Step 02: On the home page, click on “Apply Online” and then click on “Apply New MSME”. Step 03: If not registered, click on ‘Register’ and fill in all mandatory details. Step 04: After successful registration, click on ‘login’ to apply for the scheme. Step 05: Fill in all the mandatory details in the application form and upload all the necessary documents. Step 06: Submit the application form. [Offline] The MSME unit fulfilling all the necessary eligibility criteria may contact the following offices to avail of the benefits of the scheme: 1. The office of the Commissionerate of Industries and Commerce at the State level, 2. The office of the Regional Joint Director of Industries and Commerce for Chennai district, 3. The office of the General Managers of District Industries Centre for other districts in Tamil Nadu.",,https://www.msmetamilnadu.tn.gov.in/skill-development.php,https://www.myscheme.gov.in/schemes/msme-stes
Q0778,What documents are needed for Multimedia Training - Tamil Nadu?,English,document_help,mtbwodap,Multimedia Training - Tamil Nadu,Welfare of Differently Abled Persons Department,Skills & Employment,Tamil_Nadu_scheme,"The Department for the Welfare of Differently Abled Persons, Government of Tamil Nadu, launched the ""Multimedia Training Program"" for people with locomotor and hearing impairments.",1. The applicant should be a hearing impaired and locomotor differently abled person. 1. The applicant should have passed the 8th standard.,"- Multimedia training is given to locomotor and hearing-impaired persons at the National Institute of Film Development Corporation, Regional centre in Chennai.",National Identity Card of the Differently Abled. 8th Pass Certificate.,"[Offline] Step 1: The interested applicant should visit (during office hours) the District Differently Abled Welfare Officer and request a hard copy of the prescribed format of the application form from the staff exclusively entrusted to issue and collect filled-in applications. Step 2: In the application form, fill in all the mandatory fields, and attach copies of all the mandatory documents (self-attest, if required). Step 3: Submit the duly filled and signed application form along with the documents to the District Differently Abled Welfare Officer. Step 4: Request a receipt or acknowledgment from the District Differently Abled Welfare Officer to whom the application has been submitted. Ensure that the receipt contains essential details such as the date and time of submission, and a unique identification number (if applicable).",,https://cms.tn.gov.in/sites/default/files/documents/wda_e_cc_2022_23.pdf,https://www.myscheme.gov.in/schemes/mtbwodap
Q0781,இந்த Natural Death and Funeral Assistance பற்றி தகவல் வேண்டும்,Tamil,information_request,ndafa,Natural Death and Funeral Assistance,Art and Culture Department,"Social welfare & Empowerment, Sports & Culture",Tamil_Nadu_scheme,"The Art and Culture Department, Government of Tamil Nadu was launched the scheme ""Natural Death and Funeral Assistance"". This scheme provides financial assistance for the funeral and natural death of registered folk artistes to support their families during difficult times.",1. The applicant should be the Nominee of the registered folk artist. 1. The registered folk artist should have died a natural death.,"**Financial Assistance:** - For Funeral ₹2,000/- - For Natural Death ₹15,000/-",Original Registration Card of the Folk Artist. Death Certificate of the Folk Artist.,"[Offline] Step 1: The interested applicant should visit (during office hours) the regional office and request the hard copy of the prescribed format of the application form (VIII) from the staff exclusively entrusted to issue and collect filled-in applications. Step 2: In the application form, fill in all the mandatory fields, and attach copies of all the mandatory documents (self-attest, if required). Step 3: Submit the duly filled and signed application form along with the Claim Form (VII), and Accident Information Form (VI) to the Assistant Director/Deputy Director in the regional offices. Step 4: Request a receipt or acknowledgment from the Assistant Director/Deputy Director to whom the application has been submitted. Ensure that the receipt contains essential details such as the date and time of submission, and a unique identification number (if applicable).",,https://cms.tn.gov.in/sites/default/files/gos/tour-e-3-2008.pdf,https://www.myscheme.gov.in/schemes/ndafa
Q0789,New Entrepreneur-cum-enterprise Development Scheme ku eligibility enna?,Tanglish,eligibility_query,needs,New Entrepreneur-cum-enterprise Development Scheme,Micro Small and Medium Enterprises Department,Business & Entrepreneurship,Tamil_Nadu_scheme,"The scheme “New Entrepreneur-Cum-Enterprise Development Scheme (NEEDS)” was launched by the Department of Micro, Small and Medium Enterprises, Government of Tamil Nadu. The scheme was devised and formulated as a special scheme to assist educated youth to become first-generation entrepreneurs.","1. The applicant should be a resident of Tamil Nadu State for not less than 3 years. 1. The applicant should be a first-generation entrepreneur. 1. The age of the applicant should be between 21 to 35 years in general and for special (Women/BC/MBC/SC/ST/Ex-servicemen/Transgender/Differently abled), age relaxation is up to 45 years. 1. The applicant should possess a minimum 12th std./diploma/ Industrial Training Institutes (ITI) or vocational training from a recognized Institution, aspiring to become entrepreneurs would be eligible for assistance under the scheme. 1. There will be no income ceiling for assistance in setting up projects under this scheme. 1. Assistance under the Scheme is available only for new projects sanctioned specifically under the NEEDS. 1. Entrepreneurs who have already availed assistance under Prime Minister’s Rozgar Yojana (PMRY), Rural Employment Generation Programme (REGP), Prime Minister’s Employment Generation Programme (PMEGP), Unemployed Youth Employment Generation Programme (UYEGP), Tamil Nadu Adi Dravidar Housing and Development Corporation Limited (TAHDCO) or any other scheme of Government of India or State Government will not be eligible for assistance under the NEEDS. 1. Any applicant/entrepreneur who has availed loan for economic activity under Self Help Group/other group activity will also be not eligible. 1. The applicant should not be a defaulter to any Commercial Bank / Tamil Nadu Industrial Investment Corporation Limited (TIIC). 1. Entrepreneurs availing assistance under this scheme will not be eligible to avail of capital subsidy under any other State Government schemes. 1. Project cost should be above ₹10 lakh, and below ₹5 crore. 1. The applicant&amp;#39;s contribution should be 10% of the project cost for the General category; and 5% for the Special category. 1. Entrepreneurship Development Programme (EDP) training is mandatory. **Note 01:** Subject to satisfying the eligibility criteria by all the partners, partnership concerns may be considered for assistance under the scheme. However, EDP training will be provided to only one of the partners authorized by other partners in such cases. **Note 02:** The value of the land may be considered as the promoter’s contribution, either in part or in full, as per guideline value or market value, prevailing as on the date of filing of the loan application, whichever is lower, subject to the condition that the title of the land is in the name of the entrepreneur/enterprise proposed to be established.","1. Under the scheme, subsidy assistance will be provided by the State Government up to 25% of the project cost (Subject to a maximum limit of ₹75 Lakhs). 1. Interest subvention provided at the rate of 3%, throughout the period of repayment. 1. Priority in allotment in Small Industries Development Corporation (SIDCO) industrial estates. 1. An additional capital subsidy is provided for 10% over the capital subsidy of the eligible project cost to the enterprises promoted by SC/ST or differently-abled candidates.","Identity proof i.e. copy of Election ID Card/ Aadhaar card Copy of PAN Card Passport size photo Educational Qualification proof Proof of age Caste/Community Certificate Residence proof Valid certificate for the proof of Ex-Serviceman /Differently abled /Transgender Bank account details Any other document, if required","[Online] Application Processes:Step 01: The applicant willing to avail loan under the NEEDS scheme should fill up the online application through the Official Website of the Micro, Small and Medium Enterprises Department, Government of Tamil Nadu. Step 02: On the home page, click on “Apply Online” and then “New Application”. Step 03: Click on ‘Register’ and fill in the details like Name, Date of Birth, Email ID, Aadhaar Number & Mobile Number. Step 04: After successful registration, click on ‘login’ and fill in all the mandatory details. Step 05: Upload all the necessary documents and submit the application form. Post-Application Process:Step 01: The received applications will be scrutinized and shall be placed before the Task Force Committee. Step 02: The Selection will be based on qualification, skill, aptitude, viability of the proposed project, marketability, interview/screening of the applicant, etc. Step 03: The selected applications will be sent to the bank / Tamil Nadu Industrial Investment Corporation Limited (TIIC) branches by the General Managers, District Industries Centres in proportion to the target fixed by the Industries Commissioner and Director of Industries and Commerce. Step 04: The bank / Tamil Nadu Industrial Investment Corporation Limited (TIIC) branches shall assess the potentiality and will issue provisional sanctions to eligible beneficiaries. The provisional sanctions shall be intimated to the concerned District Industries Centres. Step 05: The District Industries Centres shall arrange for compulsory Entrepreneurship Development Programme training by the Entrepreneurship Development Institute. On completion of training, Entrepreneurship Development Institute will issue training certificates. Step 06: After successful completion of Entrepreneurship Development Programme training (EDP), those beneficiaries whoever apply, shall be allotted Developed Plot / Work Sheds at Small Industries Development Corporation Limited (SIDCO) managed Industrial Estates, at the cost fixed by Small Industries Development Corporation Limited (SIDCO), subject to the availability of the same on priority basis by Small Industries Development Corporation Limited (SIDCO). Step 07: Subsequently, the beneficiary will deposit the Promoter’s Contribution with the bank / Tamil Nadu Industrial Investment Corporation Limited (TIIC). Thereafter, the bank / Tamil Nadu Industrial Investment Corporation Limited (TIIC) will disburse the 1st installment of the bank finance to the beneficiary. Procedure for Online Filling of Application Dos and Don’ts",,https://msmeonline.tn.gov.in/needs/needs_go.php?id=G.O%20&%20Guidelines#,https://www.myscheme.gov.in/schemes/needs
Q0794,Old Age Homes - Tamil Nadu ku eligibility enna?,Tanglish,eligibility_query,oahtn,Old Age Homes - Tamil Nadu,Department of Social Welfare and Women Empowerment,"Social welfare & Empowerment, Health & Wellness, Housing & Shelter, Women and Child",Tamil_Nadu_scheme,"The ""Old Age Homes"" was launched by the Social Welfare and Women Empowerment Department, Government of Tamil Nadu. This scheme is to bring qualitative improvement in the living standards of old people of the state.","1. The NGOs should be registered under the Societies Act / Trust Act / Company Act etc. 1. The NGOs should be running as Old Age Homes for Senior Citizens. 1. The NGOs must have registered under Tamil Nadu Maintenance and Welfare of Parents and Senior Citizens Rules, 2009.","**NGO:** - The State Government is providing ₹5,60,000/- as grant-in-aid per home for a capacity of 40 inmates. - The institutions are required to contribute ₹1,12,000/- as their share.&quot; <br> **Senior Citizens:** - Food, Shelter, Medical care, and Recreation facilities. <br>","NGO Registration Certificate (under Societies Act / Trust Act / Company Act). NGO Maintenance Certificate (under Tamil Nadu Maintenance and Welfare of Parents and Senior Citizens Rules, 2009). Any Other Document If Required.","[Online - via CSC] Step 1: The NGOs should gather copies of the necessary documents (self-attested if required) to apply for the concerned scheme. Step 2: The NGOs should visit the nearest Common Service Center (CSC) and complete the Biometric Verification Process. Step 3: In the NGO's form, fill in all mandatory fields and upload copies of all mandatory documents. Step 4: Request a receipt or acknowledgment from the CSC. Ensure the receipt contains essential details such as the date and time of submission, and a unique identification number (if applicable). [Offline] Step 1: The interested NGOs should visit (during office hours) the District Social Welfare Office and request a hard copy of the prescribed format of the application form from the staff exclusively entrusted to issue and collect filled-in applications. Step 2: In the application form, fill in all the mandatory fields (signed across, if required), and attach copies of all the mandatory documents (self-attest, if required). Step 3: Submit the duly filled and signed application form along with the documents to the District Social Welfare Officer. Step 4: Request a receipt or acknowledgment from the concerned authority to whom the application has been submitted. Ensure that the receipt contains essential details such as the date and time of submission, and a unique identification number (if applicable).",,https://cms.tn.gov.in/sites/default/files/documents/swwe_e_cc_2022_23.pdf,https://www.myscheme.gov.in/schemes/oahtn
Q0799,Old Age Pension Scheme under Chief Minister’s Uzhavar Padhukappu Thittam ku eligibility enna?,Tanglish,eligibility_query,oapsucmupt,Old Age Pension Scheme under Chief Minister’s Uzhavar Padhukappu Thittam,Department of Social Welfare and Women Empowerment,"Agriculture,Rural & Environment, Social welfare & Empowerment",Tamil_Nadu_scheme,"The 'Old Age Pension Scheme under Chief Minister’s Uzhavar Padhukappu Thittam' is a state scheme. The scheme aims to give a pension of ₹1,000/- to old-age farmers and destitute agricultural labourers who have membership card under CMPUT.","1. The applicant should be destitute. 1. The applicant&#39;s age should be 60 years and above. 1. The applicant should be farmer or a landless agricultural labour. 1. The applicant&#39;s fixed assets should not exceed ₹1,00,000/-.","**Pension:** - ₹1,000/- per month. **Free Clothes during Pongal and Deepavali:** - One free dhoti to a male pensioner. - One free saree to a female pensioner. **Free Rice in Anganwadi Centres:** - 2kg/month to those who are taking nutritious meal. - 4kg/month to those who are not taking nutritious meal.","Applicant's Photo. Aadhaar Card. Proof of Age. Aadhaar Consent Form. Smart Ration Card or Any Address Proof. Membership Card under CMPUT. Self–declaration of Applicant. Any Identity Proof (Voter ID Card, Passport, PAN Card, Driving License). Bank Passbook.","[Online - via CSC] Step 1: The applicant should gather copies of the necessary documents needed to apply for the concerned scheme. Step 2: The applicant should visit the nearest Common Service Center (CSC) and complete the Biometric Verification Process. Step 3: In the application form, fill in all the mandatory fields and upload copies of all the mandatory documents. Step 4: Request a receipt or acknowledgement from the concerned authority to whom the application has been submitted. Ensure that the receipt contains essential details such as the date and time of submission, and a unique identification number (if applicable).",,https://cms.tn.gov.in/sites/default/files/documents/swwe_e_cc_2022_23.pdf,https://www.myscheme.gov.in/schemes/oapsucmupt
Q0803,What documents are needed for Organizing Block Demonstration?,English,document_help,obd,Organizing Block Demonstration,Agriculture Department,"Agriculture,Rural & Environment",Tamil_Nadu_scheme,"The “Organizing Block Demonstration” scheme provides a 50% subsidy or ₹2,000/- (whichever is less) on input costs for demonstrating the cultivation of Pulses crops over 5 hectares.",- The beneficiary should be a Farmer. - The beneficiary should be a resident of Tamil Nadu. - The beneficiary should cultivate seed farms with Pulses crops.,"**Financial Assistance:** A subsidy of 50% on the cost of inputs required to layout the demonstration of 5 hectare each or ₹2,000/- whichever is less.","Proof of identity (Aadhar card, Voter ID) Land ownership documents or lease agreements. Caste certificate (for SC/ST applicants). Bank account details. Any other documents (if required).","[Offline] Step 1: Collect the application form from the nearest Agricultural Office. Step 2: Fill out the application form with the required details and attach mandatory documents (self-attested, if required). Step 3: Submit the form to the concerned office: Village Level: Submit the application to the Assistant Agricultural Officer.Block Level: Submit to the Agricultural Officer or Deputy Agricultural Officer.District Level: Submit to the Joint Director of Agriculture.",,https://www.tn.gov.in/scheme/data_view/6902,https://www.myscheme.gov.in/schemes/obd
Q0808,What documents are needed for Organizing Block Demonstration on Polythene Mulch Technology in Groundnut?,English,document_help,obdopmtig,Organizing Block Demonstration on Polythene Mulch Technology in Groundnut,Agriculture Department,"Agriculture,Rural & Environment",Tamil_Nadu_scheme,The scheme provides financial assistance to farmers for adopting polythene mulch technology in groundnut cultivation to improve productivity.,- The beneficiary should be a Farmer. - The beneficiary should be a resident of Tamil Nadu. - The beneficiary should produce and supply Foundation and Certified Class seeds to the Department.,"- **Financial Assistance:** An assistance of ₹4,000/- towards the cost of inputs to organize the demonstration and ₹4,000/- to cover the land with Polythene sheet per hectare will be provided.","Proof of identity (Aadhar card, Voter ID) Land ownership documents or lease agreement. Proof of seed production and supply to the Department. Bank account details. Any other documents (if required).","[Offline] Step 1: Collect the application form from the nearest Agricultural Office. Step 2: Fill out the application form with the required details and attach mandatory documents (self-attested, if required). Step 3: Submit the form to the concerned office: Village Level: Submit the application to the Assistant Agricultural Officer.Block Level: Submit to the Agricultural Officer or Deputy Agricultural Officer.District Level: Submit to the Joint Director of Agriculture.",,https://www.tn.gov.in/scheme/data_view/7614,https://www.myscheme.gov.in/schemes/obdopmtig
Q0813,What documents are needed for Organizing Block Demonstration Through Department And Also Through TNAU?,English,document_help,obdtdaattnau,Organizing Block Demonstration Through Department And Also Through TNAU,Agriculture Department,"Agriculture,Rural & Environment",Tamil_Nadu_scheme,"The scheme ""Organizing Block Demonstration Through Department And Also Through TNAU"" offers grants to farmers for maize cultivation. Farmers can avail a subsidy for demonstrating cultivation practices on a 1-hectare plot.","- The beneficiary should be a Farmer. - The beneficiary should be a resident of Tamil Nadu. - The beneficiary should grow maize in the following districts: Coimbatore, Dindigul, Erode, Dharmapuri, Krishnagiri, Namakkal, Perambalur, Virudhunagar, Theni, Villupuram, Vellore, Salem, Pudukkottai, Madurai, Sivagangai, Trichy, Tirunelveli, and Thoothukudi. &lt;br&gt;","**Financial Assistance:** ₹4,000/- per demonstration of 1 Hectare plot each.","Proof of identity (Aadhar card, Voter ID) Land ownership documents or lease agreement. Proof of maize cultivation/farming. Bank account details. Caste certificate (if applicable). Proof of small/marginal farmer status (if applicable). Women farmer group registration documents (if applicable). Any other documents (if required).","[Offline] Step 1: Collect the application form from the nearest Agricultural Office. Step 2: Fill out the application form with the required details and attach mandatory documents (self-attested, if required). Step 3: Submit the form to the concerned office: Village Level: Submit the application to the Assistant Agricultural Officer.Block Level: Submit to the Agricultural Officer or Deputy Agricultural Officer.District Level: Submit to the Joint Director of Agriculture.",,https://www.tn.gov.in/scheme/data_view/6854,https://www.myscheme.gov.in/schemes/obdtdaattnau
Q0821,இந்த Pension for Journalists’ Family பற்றி தகவல் வேண்டும்,Tamil,information_request,pfjf,Pension for Journalists’ Family,Tamil Development and Information Department,"Social welfare & Empowerment, Women and Child",Tamil_Nadu_scheme,"The ""Pension for Journalists’ Family"" was launched by the Tamil Development, Religious Endowments, and Information Department, Government of Tamil Nadu. The scheme aims to give a monthly pension to the wife of a deceased journalist pensioner.",1. The benefit of the scheme will be given only on the death of the journalist. 1. The applicant must be the spouse of the deceased journalist. 1. The deceased journalist must contributed to the journalist pension.,"- **Pension Amount of ₹2,000/- per month.**",Two Passport-size Photographs (Attested by Govt. Registered Officer). Death Certificate of the Journalist. Marriage Proof (the applicant is the spouse of a retired journalist). Educational Certificate. Succession Certificate (from appropriate revenue department office).,"[Offline] Step 1: The interested applicant can download the application form from the official website. Step 2: In the application form, fill in all the mandatory fields, and attach copies of all the mandatory documents (self-attest, if required). Step 3: Submit the duly filled and signed application form along with the documents to the Director, News Public Relations Department, Head Secretariat, Chennai-9. Step 4: Request a receipt or acknowledgment from the concerned authority to whom the application has been submitted. Ensure that the receipt contains essential details such as the date and time of submission, and a unique identification number (if applicable).",,https://cms.tn.gov.in/sites/default/files/schemes/journalist_family_pension.pdf,https://www.myscheme.gov.in/schemes/pfjf
Q0826,இந்த Pension Scheme - Folk Artist பற்றி தகவல் வேண்டும்,Tamil,information_request,psfa,Pension Scheme - Folk Artist,Art and Culture Department,"Social welfare & Empowerment, Sports & Culture",Tamil_Nadu_scheme,"The ""Pension Scheme"" was launched by the Art and Culture Department, Government of Tamil Nadu. The scheme aims to provide a pension to the registered folk artists.",1. The applicant should be a registered folk artist. 1. The applicant&#39;s age should be 60 years or above. 1. The artist must have worked continuously in their profession for at least five years. 1. Disabled folk artists (sick and unable to work) who are under 60 but have been registered with the board for five continuous years are eligible for a pension.,- Pension of ₹300/- per month.,"Two Passport-size Photograph. Original Registration Card of the Folk Artist. Original Receipt for Registration and Last Renewal. Disability Certificate (issued by a Medical Officer, not below the rank of Civil Surgeon under his name and seal should be enclosed in original) (If disabled).","[Offline] Application Process: Step 1: The interested applicant should visit (during office hours) the regional office and request the hard copy of the prescribed format of the application form VIII & VIIIA from the staff exclusively entrusted to issue and collect filled-in applications. Step 2: In the application form, fill in all the mandatory fields, and attach copies of all the mandatory documents (self-attest, if required). Step 3: Submit the duly filled and signed application form along with the documents to the Assistant Director/Deputy Director in the regional offices. Step 4: Request a receipt or acknowledgment from the Assistant Director/Deputy Director to whom the application has been submitted. Ensure that the receipt contains essential details such as the date and time of submission, and a unique identification number (if applicable). Selection Procedure: The Board shall examine every application for pension and may accept or reject the claim. The decision of the Board is final. Before rejecting a claim, the Board will give the applicant a reasonable opportunity to make a representation.",,https://cms.tn.gov.in/sites/default/files/gos/tour-e-3-2008.pdf,https://www.myscheme.gov.in/schemes/psfa
Q0840,What benefits are available under Pension Scheme for the Journalists?,English,benefit_query,psftj,Pension Scheme for the Journalists,Tamil Development and Information Department,Social welfare & Empowerment,Tamil_Nadu_scheme,"The ""Pension Scheme for the Journalists"" was launched by the Tamil Development, Religious Endowments, and Information Department, Government of Tamil Nadu. The scheme aims to give a monthly pension to retired journalists.","1. The applicant should be a retired journalist. 1. The age of the applicant should be 58 years or above. 1. The applicant should have worked full-time for 20 years in one of the posts of teacher, assistant teacher, reporter, photographer, proofreader, or news correspondent. 1. 10 years of journalism experience is sufficient if the applicant is terminally ill or physically disabled. 1. The applicant&#39;s annual family income should not exceed ₹20,000/-. 1. The applicant received gratuity and pension from previous companies should not exceed ₹30,000/-. 1. In any year when the applicant was employed, their income should not exceed ₹50,000/-.","- **Pension Amount of ₹4,000/-** **per month**.",Two Passport-size Photographs (to be countersigned by a Government Registered Officer). Age Certificate (from the educational institution). Certificates related to post and place of service. Retirement Certificate. Gratuity Certificate (received on retirement of the applicant). Income Certificate (maximum annual income and other income earned during employment). Certificates if he/she receives a Central-State Government Pension. Current Annual Income Certificate (to be obtained from the Office of the Governor). Medical Certificate (Government Hospital or Registered Medical Practitioner). Photograph of Spouse (for grant of family pension to the first surviving spouse of the pensioner in case of death). Disability Certificate (if disabled).,"[Offline] Step 1: The interested applicant can download the application form from the official website. Step 2: In the application form, fill in all the mandatory fields, and attach copies of all the mandatory documents (self-attest, if required). Step 3: Submit the duly filled and signed application form along with the documents to the Tamil Development, Religious Endowment & Information Department. Step 4: Request a receipt or acknowledgment from the concerned authority to whom the application has been submitted. Ensure that the receipt contains essential details such as the date and time of submission, and a unique identification number (if applicable). NOTE: Candidate should send two completed application forms.",,https://cms.tn.gov.in/sites/default/files/forms/journalist_pension_0.pdf,https://www.myscheme.gov.in/schemes/psftj
Q0844,"Pension to Unmarried Poor, Incapacitated Women of Age 50 years and above ku eligibility enna?",Tanglish,eligibility_query,ptupiwoa50yaa,"Pension to Unmarried Poor, Incapacitated Women of Age 50 years and above",Department of Social Welfare and Women Empowerment,"Social welfare & Empowerment, Women and Child",Tamil_Nadu_scheme,"The 'Pension to Unmarried Poor, Incapacitated Women of age 50 years and above' was launched by the Social Welfare and Women Empowerment Department, Tamil Nadu. The scheme aims to provide a pension of ₹1,000/- to unmarried, poor, incapacitated women of age 50 years and above.","1. The applicant should be a woman. 1. The applicant should be destitute. 1. The applicant should be unmarried. 1. The applicant&#39;s age should be 50 years and above. 1. The applicant&#39;s fixed assets should not exceed ₹1,00,000/-. <br>","**Pension:** - ₹1,000/- per month. **Free Clothes during Pongal and Deepavali:** - One free saree. **Free Rice in Anganwadi Centres:** - 2kg/month to those who are taking nutritious meals. - 4kg/month to those who are not taking nutritious meals.","Applicant's Photo. Aadhaar Card. Proof of age. Aadhaar Consent Form. Smart Ration Card or Any Address Proof. Self–declaration of Applicant. Any Identity Proof (Voter ID Card, Passport, PAN Card, Driving License). Bank Passbook.","[Online - via CSC] Step 1: The applicant should gather copies of the necessary documents needed to apply for the concerned scheme. Step 2: The applicant should visit the nearest Common Service Center (CSC) and complete the Biometric Verification Process. Step 3: In the application form, fill in all the mandatory fields and upload copies of all the mandatory documents. Step 4: Request a receipt or acknowledgement from the concerned authority to whom the application has been submitted. Ensure that the receipt contains essential details such as the date and time of submission, and a unique identification number (if applicable).",,https://cms.tn.gov.in/sites/default/files/documents/swwe_e_cc_2022_23.pdf,https://www.myscheme.gov.in/schemes/ptupiwoa50yaa
Q0849,Perarignar Anna Memorial Award ku eligibility enna?,Tanglish,eligibility_query,pamatn,Perarignar Anna Memorial Award,Backward Classes Most Backward Classes and Minorities Welfare Department,Education & Learning,Tamil_Nadu_scheme,"The scheme aimed at supporting students from the Backward Classes (BC), Most Backward Classes (MBC), and Denotified Communities (DNC) in Tamil Through financial assistance to students securing the top two ranks in the 12th Public examination in each district.","1. The beneficiary should be a student. 1. The beneficiary should be a resident of Tamil Nadu. 1. The beneficiary should belong to the Backward Classes (BC), Most Backward Classes (MBC), and Denotified Communities (DNC). 1. The beneficiary should secure the first or second ranks in the 12th Public examination in their concerned district. 1. The beneficiary should be pursuing their studies in professional colleges in Tamil Nadu.","- Financial Assistance: ₹5,000/- per annum for a duration of 4 to 5 years. &lt;br&gt;",Proof of identity (Aadhar card or any other document as directed by the authority). Caste certificate. Admission letter or proof of enrollment (Government or Government Aided Arts and Science College). Previous academic records (as required by the college). Any other documents (if required).,"[Offline] Step-1: The interested applicant should collect the application form from their concerned educational institution. Step-2: In the application form, fill in all the mandatory fields, paste the passport-sized photograph (signed across, if required), and attach copies of all the mandatory documents (self-attest, if required). Step-3: Submit the duly filled and signed application form along with the documents to the institution. Step-4: Request a receipt or acknowledgment from the concerned authority to whom the application has been submitted. Ensure that the receipt contains essential details such as the date and time of submission, and a unique identification number (if applicable).",,https://www.tn.gov.in/scheme/data_view/27503,https://www.myscheme.gov.in/schemes/pamatn
Q0852,Personal Accident Relief for Differently Abled Persons epdi apply panradhu?,Tanglish,application_help,parfdap,Personal Accident Relief for Differently Abled Persons,Welfare of Differently Abled Persons Department,Social welfare & Empowerment,Tamil_Nadu_scheme,"The scheme 'Personal Accident Relief for Differently Abled Persons' was launched by the Dept. for the Welfare of Differently Abled Persons. In this scheme, accident relief is provided to differently abled persons up to a sum of ₹1,00,000/-(Death), & relief is given for loss of both legs/both hand...",1. The person should have died or should have become differently-abled in an accident. 2. The disability should be one of the following: - Loss of Both Legs and Both Hands. - Loss of One Hand and One Leg. - Loss of Sight in Both Eyes. - Loss of One Hand. - Loss of One Leg. - Loss of Sight in One Eye. 3. The person should be/ should have been a registered member of the &quot;Welfare Board for the Differently-Abled&quot;.,"1. Relief to the Legal Heir in the event of death of the differently-abled person: ₹1,00,000/-. 1. Relief in the case of Loss of both legs &amp; both hands/ one leg &amp; one hand/ loss of sight in both eyes: Upto ₹1,00,000/-. 1. Relief in the case of Loss of one hand/ one leg/ loss of sight in one eye: ₹50,000/-. 1. Relief in the case of Total disablement not covered in Sl. no.2 and 3 above: ₹25,000/-.","Medical Certificate. Original National Identity Card of the Differently Abled Person, issued by the Welfare Board for the Differently-abled.","[Offline] Step 1: The interested applicant should visit (during office hours) the District Differently Abled Welfare Office and request a hard copy of the prescribed format of the application form from the staff exclusively entrusted to issue and collect filled-in applications. Step 2: In the application form, fill in all the mandatory fields, and attach copies of all the mandatory documents (self-attest, if required). Step 3: Submit the duly filled and signed application form along with the documents to the District Differently Abled Welfare Officer. Step 4: Request a receipt or acknowledgment from the District Differently Abled Welfare Officer to whom the application has been submitted. Ensure that the receipt contains essential details such as the date and time of submission, and a unique identification number (if applicable).",,https://cms.tn.gov.in/sites/default/files/documents/wda_e_cc_2022_23.pdf,https://www.myscheme.gov.in/schemes/parfdap
Q0858,What documents are needed for Pipes Carrying Water From Source To Field?,English,document_help,pcwfsf,Pipes Carrying Water From Source To Field,Agriculture Department,"Agriculture,Rural & Environment",Tamil_Nadu_scheme,"The scheme provides subsidies to farmers for installing pipes to carry water from the source to their fields, offering a 50% subsidy or up to ₹15,000/- for pipes (up to 800m), including PVC, HDPE, and others.",- The beneficiary should be a Farmer. - The beneficiary should be a resident of Tamil Nadu.,"**Financial Assistance:** Subsidy on 50% cost or ₹15,000/- for water carrying pipes upto 800m and all types of pipes(PVC HDPE etc.,) and all sizes as per the requirement of the farmer.","Proof of identity (Aadhar card, Voter ID) Land ownership documents or lease agreement. Bank account details. Caste certificate (if applicable). Women farmer group registration documents (if applicable). Any other documents (if required).","[Offline] Step 1: Collect the application form from the nearest Agricultural Office. Step 2: Fill out the application form with the required details and attach mandatory documents (self-attested, if required). Step 3: Submit the form to the concerned office: Village Level: Submit the application to the Assistant Agricultural Officer.Block Level: Submit to the Agricultural Officer or Deputy Agricultural Officer.District Level: Submit to the Joint Director of Agriculture.",,https://www.tn.gov.in/scheme/data_view/6859,https://www.myscheme.gov.in/schemes/pcwfsf
Q0865,What benefits are available under Pipes Carrying Water From Source To Field-Pulses ISPOM?,English,benefit_query,pcwfstfpi,Pipes Carrying Water From Source To Field-Pulses ISPOM,Agriculture Department,"Agriculture,Rural & Environment",Tamil_Nadu_scheme,"The scheme provides subsidies to farmers for installing pipes to carry water from the source to their fields, offering a 50% subsidy or up to ₹15,000/- for pipes (up to 800m), including PVC, HDPE, and others.",- The beneficiary should be a Farmer. - The beneficiary should be a resident of Tamil Nadu.,"**Financial Assistance:** Subsidy on 50% cost or ₹15,000/- for water carrying pipes upto 800m; all types of pipes(PVC HDPE etc.,) and all size as per the requirement of the farmer. &lt;br&gt;","Proof of identity (Aadhar card, Voter ID) Land ownership documents or lease agreement. Bank account details. Caste certificate (if applicable). Women farmer group registration documents (if applicable). Any other documents (if required).","[Offline] Step 1: Collect the application form from the nearest Agricultural Office. Step 2: Fill out the application form with the required details and attach mandatory documents (self-attested, if required). Step 3: Submit the form to the concerned office: Village Level: Submit the application to the Assistant Agricultural Officer.Block Level: Submit to the Agricultural Officer or Deputy Agricultural Officer.District Level: Submit to the Joint Director of Agriculture.",,https://www.tn.gov.in/scheme/data_view/7082,https://www.myscheme.gov.in/schemes/pcwfstfpi
Q0866,இந்த Poompuhar District Craft Award பற்றி தகவல் வேண்டும்,Tamil,information_request,pdca,Poompuhar District Craft Award,"Handlooms, Handicrafts, Textiles and Khadi Department","Skills & Employment, Sports & Culture",Tamil_Nadu_scheme,"""Poompuhar District Craft Award"" was launched in 2011-2012 by the Dept of Handlooms, Handicrafts, Textiles & Khadi, Tamil Nadu. The award was introduced to recognize and honour the artisans district-wise. This award consists of a cash prize of ₹10,000/-, a silver medal, and a certificate.","1. The applicant should be an artisan. 1. The applicant should be a native of Tamil Nadu. 1. Handicraft competitions will be conducted in the following 16 types of handicrafts: Panchaloka Idols, Brass Lamps and Brass Artifacts, Thanjavur Paintings, Thanjavur Plates, Wood Sculptures, Stone Sculptures, Fire Clay, Kalamkari Pathik and Applique Work, Pulp Toys, Mat Weaving, Bamboo and Palm Leaf Products, Neti Work, Textiles, Temple Jewellery, Pictorial Embroidery Work and Other Handicrafts. 1. The experience of the artisans and the service rendered by them in their profession and other special features will also be taken into consideration during the passing.","- Cash Prize of ₹10,000/-. - Silver Medal. - Certificate.","Passport-size Photograph. Address Proof (Family Card/ Voter ID Card/Driving License). Aadhaar Card. Front Page of Bank Passbook. Artisan's Affidavit on ₹20/- Stamp Paper, attested by a First Class Criminal Judge or Notary Public. Recommendation Certificate, attested by any of the Managers of Poombucar Outlets and Manufacturing Plants / the respective Area Assistant Directors (Handicrafts / Craft Council (Tamil Nadu/India/World) under the Office of the Development Commissioner, New Delhi. Photographs of the Item to be offered for selection.","[Offline] Advertisements are released in June every year. Step 1: The interested applicant should take print of the prescribed format of the application form. Step 2: In the application form, fill in all the mandatory fields, paste the passport-sized photograph (signed across, if required), and attach copies of all the mandatory documents (self-attest, if required). Step 3: Submit the duly filled and signed application form along with the documents (during office hours-Monday-Friday) to the Poombukar Head Office. Step 4: Request a receipt or acknowledgment from the concerned authority to whom the application has been submitted. Ensure that the receipt contains essential details such as the date and time of submission, and a unique identification number (if applicable).",,https://poompuhar.com/tnhdc/downloads/1696665915553009436.pdf,https://www.myscheme.gov.in/schemes/pdca
Q0875,What benefits are available under Poompuhar State Award?,English,benefit_query,psa,Poompuhar State Award,"Handlooms, Handicrafts, Textiles and Khadi Department","Skills & Employment, Sports & Culture",Tamil_Nadu_scheme,"""Poompuhar State Award"" was launched by the Dept of Handlooms, Handicrafts, Textiles & Khadi, Tamil Nadu. The awardees are given ₹50,000, a 4-gram gold medal, tamirapathiram and a certificate. The economically backward awardees are also eligible for monthly pension of ₹3,500/- after 60 years of age.","1. The applicant should be an artisan. 1. The applicant should be a native of Tamil Nadu. 1. The applicant should be above 30 years of age. For monthly pension, the applicant should be 60 years or above in age. 1. The experience of the artisans and the service rendered by them in their profession will be taken into consideration during the passing (The artisans participating in the Award will be invited for process explanation and interview if required by the headquarters to test their skills).","- Cash Prize of ₹50,000/-. - 4-gram Gold Medal. - Thamirapathiram. - Certificate. - Monthly Pension of ₹3,500/- to the economically backward awardee.","Passport-size Photograph. Address Proof. Aadhaar Card. Front Page of Passbook. Craftsman Service photograph. Certificate of Any Person (Well-wisher/Personally aware). Artisan's Affidavit on ₹20/- Stamp Paper, attested by a First Class Criminal Judge or Notary Public. Recommendation Certificate, attested by any of the Managers of Poombucar Outlets and Manufacturing Plants / the respective Area Assistant Directors (Handicrafts / Craft Council (Tamil Nadu/India/World) under the Office of the Development Commissioner, New Delhi. Photograph of the applicant at each stage of production of the product for the award/Video.","[Offline] Step 1: The interested applicant should take print of the prescribed format of the application form. Step 2: In the application form, fill in all the mandatory fields, paste the passport-sized photograph (signed across, if required), and attach copies of all the mandatory documents (self-attest, if required). Step 3: Submit the duly filled and signed application form along with the documents (during office hours, Monday-Friday) to the Poombukar Head Office Tamil Nadu Handicrafts Development Corporation, 759, Anna Road, Chennai - 600 002. Step 4: Request a receipt or acknowledgment from the concerned authority to whom the application has been submitted. Ensure that the receipt contains essential details such as the date and time of submission, and a unique identification number (if applicable). NOTE 1: Advertisements are released during June month every year. NOTE 2: No need to send award material with the application.",,https://poompuhar.com/tnhdc/downloads/1696666049463145684.pdf,https://www.myscheme.gov.in/schemes/psa
Q0882,"Pre Examination Training Centre For All India Service Examinations Like I.A.S., I.P.S., I.R.S., Etc. epdi apply panradhu?",Tanglish,application_help,petalse,"Pre Examination Training Centre For All India Service Examinations Like I.A.S., I.P.S., I.R.S., Etc.",Adi Dravidar and Tribal Welfare Department,Education & Learning,Tamil_Nadu_scheme,"This scheme provides free pre-examination training, boarding, and lodging for Adi Dravidar and Tribal community candidates preparing for All India Service Examinations like IAS, IPS, and IRS.",- The beneficiary should be a resident of Tamil Nadu. - The beneficiary should belong to the Adi Dravidar/Tribal community.,"- **Coaching:** Free coaching for All India Service Examinations (IAS, IPS, IRS, etc.). - **Boarding:** Free boarding and lodging for candidates. &gt; **Note:** Mess Charges ₹1,200/- per month should be paid by the students whose parental income is above ₹1,00,000/- per annum. &lt;br&gt;",Proof of identity (Aadhar card or any other document as directed by the authority). Income certificate (parental income proof). Educational qualification certificates. Community certificate. Any other documents (if required).,"[Offline] Step 1: The interested applicant should collect the application form from the office of the Director, Anna Institute of Management, Chennai-28. Step 2: In the application form, fill in all the mandatory fields, paste the passport-sized photograph (signed across, if required), and attach copies of all the mandatory documents (self-attest, if required). Step 3: Submit the duly filled and signed application form along with the documents to the office of the Director, Anna Institute of Management, Chennai-28. Step 4: Request a receipt or acknowledgment from the concerned authority to whom the application has been submitted. Ensure that the receipt contains essential details such as the date and time of submission, and a unique identification number (if applicable).",,https://www.tn.gov.in/scheme/data_view/26799,https://www.myscheme.gov.in/schemes/petalse
Q0889,Pre-Matric Scholarship Scheme ku eligibility enna?,Tanglish,eligibility_query,pmsp,Pre-Matric Scholarship Scheme,Backward Classes Most Backward Classes and Minorities Welfare Department,Education & Learning,Tamil_Nadu_scheme,The scheme offers financial assistance to students from Backward Classes (BC) and Most Backward Classes (MBC) studying in English medium from 6th to 10th standard. It covers tuition and examination fees.,"- The beneficiary should be a student. - The beneficiary should be a resident of Tamil Nadu. - The beneficiary should belong to the Backward Classes (BC), Most Backward Classes (MBC), and Denotified Communities (DNC). - Parents&amp;#39; income should not exceed ₹1,00,000/- (for Backward Classes (BC) students). - There should be no graduate in the family (for Backward Classes (BC) students). - The beneficiary should be studying in 11th or 12th standard in an English medium school.",- **Tuition Fee for 6th to 8th Standard:** ₹200/- per year (₹20/- per month for 10 months). - **Tuition Fee for 9th to 10th Standard:** ₹250/- per year (₹25/- per month for 10 months). - **Examination Fee for 10th Standard:** Full coverage of the examination fee. &lt;br&gt;,Proof of identity (Aadhar card or any other document as directed by the authority). Caste certificate (BC/MBC/DNC). Proof of income (for BC students). Admission letter or proof of enrollment (6th to 10th standard admission). Bank account details. No-graduate certificate (for BC students) Any other documents (if required).,"[Offline] Step 1: The interested applicant should collect the application form from their concerned educational institution. Step 2: In the application form, fill in all the mandatory fields, paste the passport-sized photograph (signed across, if required), and attach copies of all the mandatory documents (self-attest, if required). Step 3: Submit the duly filled and signed application form along with the documents to the institution. Step 4: Request a receipt or acknowledgment from the concerned authority to whom the application has been submitted. Ensure that the receipt contains essential details such as the date and time of submission, and a unique identification number (if applicable).",,https://www.tn.gov.in/scheme/data_view/27457,https://www.myscheme.gov.in/schemes/pmsp
Q0891,இந்த Primary Cooperative Agriculture and Rural Development Bank: For Animal Husbandry பற்றி தகவல் வேண்டும்,Tamil,information_request,pcardah,Primary Cooperative Agriculture and Rural Development Bank: For Animal Husbandry,"Co-operation, Food and Consumer Protection Department","Banking,Financial Services and Insurance, Agriculture,Rural & Environment",Tamil_Nadu_scheme,"The scheme provides loans to farmers for the purpose of animal husbandry, allowing them to improve their income through livestock.","- The beneficiary should be a resident of Tamil Nadu. - The beneficiary should be a farmer. - The beneficiary should be engaged in animal husbandry. - The beneficiary should be interested to avail Animal Husbandry Loan from the Primary Cooperative Agriculture and Rural Development Bank. - The beneficiary should have the intention to use the loan specifically for animal husbandry (e.g., purchasing buffaloes or goats). <br>","- **Access to Loan:** 1. **For purchasing 2 Buffaloes:** ₹20,000/-. 1. **For purchasing 21 Goats:** 24,500/-. - **Interest Rate:** 14.5% to 16.5% (subject to change). <br>","Identity proof (Aadhaar, PAN card, etc.). Address proof. Proof of agricultural occupation (e.g., Farmer's certificate) (if applicable). Any other documents (if required).","[Offline] Step 1: The interested applicant should collect the application form by contacting the Secretary/ Special Officer of the Primary Cooperative Agriculture and Rural Development Bank. Step 2: In the application form, fill in all the mandatory fields, paste the passport-sized photograph (signed across, if required), and attach copies of all the mandatory documents (self-attest, if required). Step 3: Submit the duly filled and signed application form along with the documents to the concerned authority. Step 4: Request a receipt or acknowledgment from the concerned authority to whom the application has been submitted. Ensure that the receipt contains essential details such as the date and time of submission, a unique identification number (if applicable).",,https://www.tn.gov.in/scheme/data_view/3564,https://www.myscheme.gov.in/schemes/pcardah
Q0904,Primary Cooperative Agriculture and Rural Development Bank: For Handloom and Other Non Farm Sector Activities ku eligibility enna?,Tanglish,eligibility_query,pcardfhtn,Primary Cooperative Agriculture and Rural Development Bank: For Handloom and Other Non Farm Sector Activities,"Co-operation, Food and Consumer Protection Department","Banking,Financial Services and Insurance",Tamil_Nadu_scheme,"The scheme offers loans for handloom and other non-farm sector activities, with a maximum loan amount of up to ₹2,00,000/- at an interest rate of 11% to 12.5%. The scheme is designed to support farmers engaged in non-farm activities.",- The beneficiary should be a resident of Tamil Nadu. - The beneficiary should be a farmer. - The beneficiary should be engaged in handloom or non-farm sector activities. - The beneficiary should be interested to avail the loan for handloom or non-farm sector activities. - The beneficiary should have the intention to use the loan specifically for handloom or non-farm sector activities. &lt;br&gt;,"- **Access to Loan:** Up to ₹2,00,000/-. - **Interest Rate:** From 11% to 12.5%, (subject to change). &lt;br&gt;","Identity proof (Aadhaar, PAN card, etc.). Address proof. Proof of agricultural occupation (For handloom and other non-farm sector activities) (if applicable). Any other documents (if required).","[Offline] Step 1: The interested applicant should collect the application form by contacting the Secretary/ Special Officer of the Primary Cooperative Agriculture and Rural Development Bank. Step 2: In the application form, fill in all the mandatory fields, paste the passport-sized photograph (signed across, if required), and attach copies of all the mandatory documents (self-attest, if required). Step 3: Submit the duly filled and signed application form along with the documents to the concerned authority. Step 4: Request a receipt or acknowledgment from the concerned authority to whom the application has been submitted. Ensure that the receipt contains essential details such as the date and time of submission, a unique identification number (if applicable).",,https://www.tn.gov.in/scheme/data_view/3558,https://www.myscheme.gov.in/schemes/pcardfhtn
Q0909,Primary Cooperative Agriculture and Rural Development Bank: For Horticulture ku eligibility enna?,Tanglish,eligibility_query,pcaardfh,Primary Cooperative Agriculture and Rural Development Bank: For Horticulture,"Co-operation, Food and Consumer Protection Department","Banking,Financial Services and Insurance",Tamil_Nadu_scheme,"The scheme offers a horticulture loan to support farmers with funds ranging from ₹25,000/- to ₹2,00,000/- per 0.4 hectare at an interest rate of 11%-12.75%.",- The beneficiary should be a resident of Tamil Nadu. - The beneficiary should be a farmer. - The beneficiary should be engaged in horticultural activities. - The beneficiary should be interested in availing loan for horticultural activities. - The beneficiary should have the intention to use the loan specifically for horticultural activities.,"- **Access to Loan:** From Rs.25,000/- to 2,00,000/- per 0.4 hectare. - **Interest Rate:** From 11% to 12.5%, (subject to change).","Identity proof (Aadhaar, PAN card, etc.). Address proof. Proof of agricultural occupation (For horticulture activities) (if applicable). Any other documents (if required).","[Offline] Step 1: The interested applicant should collect the application form by contacting the Secretary/ Special Officer the Primary Cooperative Agriculture and Rural Development Bank. Step 2: In the application form, fill in all the mandatory fields, paste the passport-sized photograph (signed across, if required), and attach copies of all the mandatory documents (self-attest, if required). Step 3: Submit the duly filled and signed application form along with the documents to the concerned authority. Step 4: Request a receipt or acknowledgment from the concerned authority to whom the application has been submitted. Ensure that the receipt contains essential details such as the date and time of submission, a unique identification number (if applicable).",,https://www.tn.gov.in/scheme/data_view/3550,https://www.myscheme.gov.in/schemes/pcaardfh
Q0915,What benefits are available under Primary Cooperative Agriculture and Rural Development Bank: For Inland Fishing?,English,benefit_query,pcardbif,Primary Cooperative Agriculture and Rural Development Bank: For Inland Fishing,"Co-operation, Food and Consumer Protection Department","Banking,Financial Services and Insurance, Agriculture,Rural & Environment",Tamil_Nadu_scheme,"The scheme offers loans to farmers for inland fishing projects, with a loan amount of up to ₹3,30,000/- per hectare at an interest rate between 11% and 12%.",- The beneficiary should be a resident of Tamil Nadu. - The beneficiary should be a farmer. - The beneficiary should be engaged in inland fishing. - The beneficiary should be interested in availing the loan for Inland Fishing. - The beneficiary should have the intention to use the loan specifically for Inland Fishing activities.,"- **Access to Loan:** ₹3,30,000/- per hectare. - **Interest Rate:** 11% to 12% (subject to change). <br>","Identity proof (Aadhaar, PAN card, etc.). Address proof. Proof of land ownership or lease documents for the land used in inland fishing. Any other documents (if required).","[Offline] Step 1: The interested applicant should collect the application form by visiting the Primary Cooperative Agriculture and Rural Development Bank. Step 2: In the application form, fill in all the mandatory fields, paste the passport-sized photograph (signed across, if required), and attach copies of all the mandatory documents (self-attest, if required). Step 3: Submit the duly filled and signed application form along with the documents to the concerned authority. Step 4: Request a receipt or acknowledgment from the concerned authority to whom the application has been submitted. Ensure that the receipt contains essential details such as the date and time of submission, and a unique identification number (if applicable).",,https://www.tn.gov.in/scheme/data_view/3566,https://www.myscheme.gov.in/schemes/pcardbif
Q0919,Primary Cooperative Agriculture and Rural Development Bank: For Minor Irrigation ku eligibility enna?,Tanglish,eligibility_query,pcardmi,Primary Cooperative Agriculture and Rural Development Bank: For Minor Irrigation,"Co-operation, Food and Consumer Protection Department","Banking,Financial Services and Insurance",Tamil_Nadu_scheme,"The scheme offers loans to farmers for minor irrigation projects, aiming to enhance water access for agriculture. Loan amounts range from ₹65,000/- to ₹1,20,000/- at an interest rate of 11% to 11.75%.",- The beneficiary should be a resident of Tamil Nadu. - The beneficiary should be a farmer. - The beneficiary should be engaged in agriculture - The beneficiary should be in need of support for minor irrigation. - The beneficiary should be interested in availing of the loan for Minor Irrigation. - The beneficiary should have the intention to use the loan specifically for Minor Irrigation. &lt;br&gt;,"- **Access to Loan:** ₹65,000/- to ₹1,20,000/-. - **Interest Rate:** 11% to 11.75% (subject to change). &lt;br&gt;","Identity proof (Aadhaar, PAN card, etc.). Address proof. Proof of Land Ownership or Lease. Any other documents (if required).","[Offline] Step 1: The interested applicant should collect the application form by contacting the Secretary/ Special Officer of the Primary Cooperative Agriculture and Rural Development Bank. Step 2: In the application form, fill in all the mandatory fields, paste the passport-sized photograph (signed across, if required), and attach copies of all the mandatory documents (self-attest, if required). Step 3: Submit the duly filled and signed application form along with the documents to the concerned authority. Step 4: Request a receipt or acknowledgment from the concerned authority to whom the application has been submitted. Ensure that the receipt contains essential details such as the date and time of submission, a unique identification number (if applicable).",,https://www.tn.gov.in/scheme_details.php?id=MTA4OA==,https://www.myscheme.gov.in/schemes/pcardmi
Q0926,இந்த Primary Cooperative Agriculture and Rural Development Bank: For Poultry Development பற்றி தகவல் வேண்டும்,Tamil,information_request,pcardfpd,Primary Cooperative Agriculture and Rural Development Bank: For Poultry Development,"Co-operation, Food and Consumer Protection Department","Banking,Financial Services and Insurance",Tamil_Nadu_scheme,"The scheme offers loans to farmers for poultry development and cattle development, with funding of up to ₹14,800/- for 200 birds or ₹17,000/- for 2 cows, with an interest rate of 14.5% to 16.5%.",- The beneficiary should be a resident of Tamil Nadu. - The beneficiary should be a farmer. - The beneficiary should be engaged in poultry farming or cattle development. - The beneficiary should be interested to avail loan for poultry farming or cattle development. - The beneficiary should have the intention to use the loan specifically for poultry farming or cattle development. &lt;br&gt;,"- **Access to Loan:** 1. Up to ₹14,800/- for 200 birds (poultry). 1. Up to ₹17,000/- for 2 cows. - **Interest Rate:** 14.5% to 16.5% (subject to change). &lt;br&gt;","Identity proof (Aadhaar, PAN card, etc.). Address proof. Proof of Poultry Farming or Cattle Development (if required). Any other documents (if required).","[Offline] Step 1: The interested applicant should collect the application form by contacting the Secretary/ Special Officer of the Primary Cooperative Agriculture and Rural Development Bank. Step 2: In the application form, fill in all the mandatory fields, paste the passport-sized photograph (signed across, if required), and attach copies of all the mandatory documents (self-attest, if required). Step 3: Submit the duly filled and signed application form along with the documents to the concerned authority. Step 4: Request a receipt or acknowledgment from the concerned authority to whom the application has been submitted. Ensure that the receipt contains essential details such as the date and time of submission, a unique identification number (if applicable).",,https://www.tn.gov.in/scheme_details.php?id=MTI1MA==,https://www.myscheme.gov.in/schemes/pcardfpd
Q0934,Primary Cooperative Agriculture and Rural Development Bank: For Power Tiller ku eligibility enna?,Tanglish,eligibility_query,pcardbpt,Primary Cooperative Agriculture and Rural Development Bank: For Power Tiller,"Co-operation, Food and Consumer Protection Department","Banking,Financial Services and Insurance",Tamil_Nadu_scheme,"The scheme offers loans to farmers covering up to 90% of the cost of a power tiller, with an interest rate between 11% and 12.25%.",- The beneficiary should be a resident of Tamil Nadu. - The beneficiary should be a farmer. - The beneficiary should be engaged in agricultural activities. - The beneficiary should be interested in availing of a loan for purchasing power tiller. - The beneficiary should have the intention to use the loan specifically for purchasing power tiller. &lt;br&gt;,- **Access to Loan:** Up to 90% of the cost of a power tiller. - **Interest Rate:** 11% to 12.25% (subject to change). &lt;br&gt;,"Identity proof (Aadhaar, PAN card, etc.). Address proof. Proof of Farming (if required). Any other documents (if required).","[Offline] Step 1: The interested applicant should collect the application form by contacting the Secretary/ Special Officer of the Primary Cooperative Agriculture and Rural Development Bank. Step 2: In the application form, fill in all the mandatory fields, paste the passport-sized photograph (signed across, if required), and attach copies of all the mandatory documents (self-attest, if required). Step 3: Submit the duly filled and signed application form along with the documents to the concerned authority. Step 4: Request a receipt or acknowledgment from the concerned authority to whom the application has been submitted. Ensure that the receipt contains essential details such as the date and time of submission, and a unique identification number (if applicable).",,https://www.tn.gov.in/scheme_details.php?id=ODU5,https://www.myscheme.gov.in/schemes/pcardbpt
Q0940,What benefits are available under Primary Cooperative Agriculture and Rural Development Bank: For Sericulture In Irrigated Area?,English,benefit_query,pcardsia,Primary Cooperative Agriculture and Rural Development Bank: For Sericulture In Irrigated Area,"Co-operation, Food and Consumer Protection Department","Agriculture,Rural & Environment, Banking,Financial Services and Insurance",Tamil_Nadu_scheme,"The scheme provides loans to farmers for sericulture activities in irrigated areas, with a loan amount ranging from ₹49,000/- to ₹79,000/- per acre, and interest rates from 11% to 12.75%.",1. The beneficiary should be a resident of Tamil Nadu. 1. The beneficiary should be a farmer. 1. The beneficiary should be engaged in sericulture activities within irrigated areas. 1. The beneficiary should be interested in availing loan for sericulture activities. 1. The beneficiary should have the intention to use the loan specifically for sericulture activities.,"- **Access to Loan:** Loan amount between ₹49,000/-to ₹79,000/- per acre. - **Interest Rate:** 11% to 12.75% (subject to change).","Identity proof (Aadhaar, PAN card, etc.). Address proof. Proof of involvement in Sericulture activities (if required). Any other documents (if required).","[Offline] Step-1: The interested applicant should collect the application form by contacting the Secretary/ Special Officer of the Primary Cooperative Agriculture and Rural Development Bank. Step-2: In the application form, fill in all the mandatory fields, paste the passport-sized photograph (signed across, if required), and attach copies of all the mandatory documents (self-attest, if required). Step-3: Submit the duly filled and signed application form along with the documents to the concerned authority. Step-4: Request a receipt or acknowledgment from the concerned authority to whom the application has been submitted. Ensure that the receipt contains essential details such as the date and time of submission, a unique identification number (if applicable).",,https://www.tn.gov.in/scheme_details.php?id=OTM3,https://www.myscheme.gov.in/schemes/pcardsia
Q0948,What documents are needed for Primary Cooperative Agriculture and Rural Development Bank: Jewel Loans?,English,document_help,pcaardjl,Primary Cooperative Agriculture and Rural Development Bank: Jewel Loans,"Co-operation, Food and Consumer Protection Department","Banking,Financial Services and Insurance",Tamil_Nadu_scheme,"The scheme offers jewel loans to farmers, enabling them to access up to ₹2,00,000/- at an interest rate of 11.5% for agricultural purposes.",1. The beneficiary should be a resident of Tamil Nadu. 1. The beneficiary should be a farmer. 1. The beneficiary should be engaged in agricultural activities.,"**Access to Loan:** Up to ₹2,00,000/- based on the value of the pledged jewels. **Interest Rate:** 11.5% (subject to change). &lt;br&gt;","Identity proof (Aadhaar, PAN card, etc.). Address proof. Proof of Land Ownership or Lease. Jewels purchase/invoice details. Any other documents (if required).","[Offline] Step-1: The interested applicant should collect the application form by contacting the Secretary/ Special Officer of the Primary Cooperative Agriculture and Rural Development Bank. Step-2: In the application form, fill in all the mandatory fields, paste the passport-sized photograph (signed across, if required), and attach copies of all the mandatory documents (self-attest, if required). Step-3: Submit the duly filled and signed application form along with the documents to the concerned authority. Step-4: Request a receipt or acknowledgment from the concerned authority to whom the application has been submitted. Ensure that the receipt contains essential details such as the date and time of submission, a unique identification number (if applicable).",,https://www.tn.gov.in/scheme/data_view/3545,https://www.myscheme.gov.in/schemes/pcaardjl
Q0954,Prize Schemes to the Students (State Level Prizes) ku eligibility enna?,Tanglish,eligibility_query,psslp,Prize Schemes to the Students (State Level Prizes),Backward Classes Most Backward Classes and Minorities Welfare Department,Education & Learning,Tamil_Nadu_scheme,"The scheme awards students from Backward Classes (BC), Most Backward Classes (MBC), and Denotified Communities (DNC) for their excellent performance in academic exams studying in Government/Government Aided and Private Schools.","- The beneficiary should be a student. - The beneficiary should be a resident of Tamil Nadu. - The beneficiary should belong to the Backward Classes (BC)/ Most Backward Classes (MBC)/ Denotified Communities (DNC). - The beneficiary should be studying in a Government/ Government Aided/ Private School. - The beneficiary must have studied Tamil as the first language. &gt; **Note:** If more than one student secures the same marks, awards are granted to all students. &lt;br&gt;","- **First Prize:** ₹50,000/- (boys from BC), ₹25,000/- (girls from BC) - **Second Prize:** ₹30,000/- (boys from BC), ₹20,000/- (girls from BC) - **Third Prize:** ₹20,000/- (boys from BC), ₹15,000/- (girls from BC)",Proof of identity (Aadhar card or any other document as directed by the authority). Caste certificate (BC/MBC/DNC). Admission letter or proof of enrollment. Proof of language studied (Tamil as first language). Any other documents (if required).,"[Offline] Step-1: The interested applicant should collect the application form from their concerned educational institution. Step-2: In the application form, fill in all the mandatory fields, paste the passport-sized photograph (signed across, if required), and attach copies of all the mandatory documents (self-attest, if required). Step-3: Submit the duly filled and signed application form along with the documents to the institution. Step-4: Request a receipt or acknowledgment from the concerned authority to whom the application has been submitted. Ensure that the receipt contains essential details such as the date and time of submission, and a unique identification number (if applicable).",,https://www.tn.gov.in/scheme/data_view/27495,https://www.myscheme.gov.in/schemes/psslp
Q0965,What benefits are available under Production of Certified Seeds of Maize?,English,benefit_query,pocsm,Production of Certified Seeds of Maize,Agriculture Department,"Agriculture,Rural & Environment",Tamil_Nadu_scheme,"The ""Production of Certified Seeds of Maize"" scheme, aims to promote the production of certified maize seeds by providing subsidy to farmers in select districts of Tamil Nadu.","- The beneficiary should be a Farmer. - The beneficiary should be a resident of Tamil Nadu. - The beneficiary should be a maize-growing farmer. - The beneficiary should belong to any of the following district of Tamil Nadu: Coimbatore, Dindigul, Erode, Dharmapuri, Krishnagiri, Namakkal, Perambalur, Virudhunagar, Theni, Villupuram, Vellore, Salem, Pudukkottai, Madurai, Sivagangai, Trichy, Tirunelveli and Thoothukudi. &lt;br&gt;","- **Financial Assistance:** ₹,1000/- per quintal. <br>","Proof of identity (Aadhar card, Voter ID) Land ownership documents or lease agreement. Certification of seed production. Bank account details. Caste certificate (if applicable). Women farmer group registration documents (if applicable). Any other documents (if required).","[Offline] Step 1: Collect the application form from the nearest Agricultural Office. Step 2: Fill out the application form with the required details and attach mandatory documents (self-attested, if required). Step 3: Submit the form to the concerned office: Village Level: Submit the application to the Assistant Agricultural Officer.Block Level: Submit to the Agricultural Officer or Deputy Agricultural Officer.District Level: Submit to the Joint Director of Agriculture.",,https://www.tn.gov.in/scheme/data_view/6852,https://www.myscheme.gov.in/schemes/pocsm
Q0967,Production of Foundation and Certified Seeds epdi apply panradhu?,Tanglish,application_help,pofacs,Production of Foundation and Certified Seeds,Agriculture Department,"Agriculture,Rural & Environment",Tamil_Nadu_scheme,"The ""Production of Foundation and Certified Seeds"" scheme, provides subsidy to farmers who produce and supply Foundation and Certified seeds to the Department of Agriculture.",- The beneficiary should be a Farmer. - The beneficiary should be a resident of Tamil Nadu. - The beneficiary should produce and supply Foundation or Certified seeds to the Department.,"- **Financial Assistance:** ₹1,000/- per quintal.","Proof of identity (Aadhar card, Voter ID) Land ownership documents or lease agreement. Certification of seed production and supply. Bank account details. Any other documents (if required).","[Offline] Step 1: Collect the application form from the nearest Agricultural Office. Step 2: Fill out the application form with the required details and attach mandatory documents (self-attested, if required). Step 3: Submit the form to the concerned office: Village Level: Submit the application to the Assistant Agricultural Officer.Block Level: Submit to the Agricultural Officer or Deputy Agricultural Officer.District Level: Submit to the Joint Director of Agriculture.",,https://www.tn.gov.in/scheme/data_view/7612,https://www.myscheme.gov.in/schemes/pofacs
Q0972,Production of Foundation Seeds epdi apply panradhu?,Tanglish,application_help,pofs,Production of Foundation Seeds,Agriculture Department,"Agriculture,Rural & Environment",Tamil_Nadu_scheme,"The ""Production of Foundation Seeds"" scheme, provides subsidies to farmers cultivating seed farms for pulses, offering specific benefits to SC/ST farmers and farm women.",- The beneficiary should be a Farmer. - The beneficiary should be a resident of Tamil Nadu. - The beneficiary should raise seed farms with Pulses crop.,"- **Financial Assistance:** ₹1,000/- per quintal.","Proof of identity (Aadhar card, Voter ID) Land ownership documents or lease agreement. Certification of seed production. Bank account details. Caste certificate (if applicable). Women farmer group registration documents (if applicable). Any other documents (if required).","[Offline] Step 1: Collect the application form from the nearest Agricultural Office. Step 2: Fill out the application form with the required details and attach mandatory documents (self-attested, if required). Step 3: Submit the form to the concerned office: Village Level: Submit the application to the Assistant Agricultural Officer.Block Level: Submit to the Agricultural Officer or Deputy Agricultural Officer.District Level: Submit to the Joint Director of Agriculture.",,https://www.tn.gov.in/scheme/data_view/6891,https://www.myscheme.gov.in/schemes/pofs
Q0980,What benefits are available under Promotion of Energy Audit and Conservation of Energy (PEACE): Awareness Programme?,English,benefit_query,peaceap,Promotion of Energy Audit and Conservation of Energy (PEACE): Awareness Programme,Micro Small and Medium Enterprises Department,Business & Entrepreneurship,Tamil_Nadu_scheme,"The ""Awareness Programme"" component of the PEACE scheme is introduced to make the MSMEs understand that the energy audit and conserving energy is a critical issue that is of great importance to the financial performance and competitiveness of their enterprise.","- The target audience includes executives, employees, and workers of MSMEs, as well as cluster members. - The ideal size for the awareness program is 40-50 participants, although in industrially backward districts, the batch size may be smaller.","> **Objective** The program will make the MSMEs understand that the energy audit and conserving energy is a critical issue that is of great importance to the financial performance and competitiveness of their enterprise. <br> > **Schedule** The program, designed for one day, will be based on the needs and requirements of MSMEs. The training content will be standardized by the Industries Commissioner and Director of Industries and Commerce in consultation with relevant agencies. <br> > **Resource Persons** - The Resource Persons are preferably drawn from organizations such as the Petroleum Conservation Research Association (PCRA), India SME Tech Services Ltd (SIDBI), National Productivity Council (NPC), BEE, TERI, etc., which are promoted by Government Departments. - Bureau of Energy Efficiency (BEE) accredited Energy Auditors/Managers with rich experience in energy audits, energy management &amp; conservation, and BEE empaneled Energy audit firms/companies, may also be engaged. <br> > **Fund Allocation** At least one awareness programme in each district at a cost not exceeding ₹ 1,00,000 per programme.","Copy of Udyog Aadhaar Memorandum / Copy of Udyam Certificate. Certificate of Registration under Indian Partnership Act / LLP / Societies Registration Act / Certificate of Incorporation [Memorandum of Association & Article of Association] under Company Act. Proof for Connected Load i.e., EB Meter Card/Online Statement. If Alternate Source of Energy [other than Electricity] Used, Proof for the Usage. Documents for Engagement of Energy Auditor/Letter of Acceptance from Energy Auditor. If the Energy Auditor is Employed in a Firm/Co., or Partner or Director of a Firm/Co., Then Proof for the Same. Copy of Accreditation of Energy Auditor by Bureau of Energy Efficiency [BEE]. Self-Certified Statement on Expenditure Incurred for Energy Audit with Copy of the Bills/Vouchers and Receipt, etc. Copy of the Detailed Energy Audit Report. *The file type should be PDF (.pdf). The file size should be less than 200 kb.","[Online] Step 1: RegistrationVisit the Official Website/Portal of the Micro, Small, and Medium Enterprises Department of the Government of Tamil Nadu. In the top ribbon, click ""Login / Registration"". In the registration form, fill in the mandatory details accurately, Name, Date of Birth, Aadhaar Number, Email ID, and Mobile Number. Create a new password. The password must contain a minimum of 8 characters, 1 Upper Case Letter, 1 Lower Case Letter, and 1 Numeric Field. Fill in the captcha code, and click ""Register"". Step 2: LoginVisit the Login Page and click ""Login"", and then fill in the credentials received on your registered Email ID and the registered Mobile Number. Step 3: Form FillingAfter successfully logging in, hover over ""Schemes"" in the top ribbon, and then click on the concerned scheme from the dropdown. On the next page, hover over ""Apply Online"" in the top ribbon, and then click on ""New Application"" from the dropdown. Fill in all the mandatory fields of the Application Form. Carefully review all the information provided, acknowledge and agree to the terms and conditions, declaration, and privacy policy, and then click ""Proceed"". Note down the reference number appearing on the screen and then click ""Close"". Step 4: Upload DocumentsNow, hover over ""Schemes"" in the top ribbon, and then click ""Upload Documents"" from the dropdown. On the next page, provide the Application ID and click ""Submit"". On the next page, upload all the mandatory documents in the specified format and size. After uploading the documents, click ""View"" to verify the documents uploaded for correctness. Step 5: SubmissionFill in all the checkboxes appearing at the bottom of the screen and then click ""Submit Application"". The message regarding the submission of the online application to GM/DIC / RJD will be received on your mobile phone. (Optional) Step 6: Track Application Status You can check the status of your application here. The portal may provide updates via email or SMS regarding your application status.",,https://www.msmeonline.tn.gov.in/incentives/dea_sub.php?id=New%20Application,https://www.myscheme.gov.in/schemes/peaceap
Q0984,Promotion of Energy Audit and Conservation of Energy (PEACE): Detailed Energy Audit ku eligibility enna?,Tanglish,eligibility_query,peacedea,Promotion of Energy Audit and Conservation of Energy (PEACE): Detailed Energy Audit,Micro Small and Medium Enterprises Department,Business & Entrepreneurship,Tamil_Nadu_scheme,"The ""Detailed Energy Audit"" component of this scheme is introduced to identify the major sources of energy in use, identify the lapses in energy usage, identify areas to improve energy usage, determine the level of consumption of the energy sources, and recommend policy measures.","- All existing manufacturing MSMEs in the state which are undertaking energy audits for the first time. - MSMEs taking up subsequent energy audits after 3 years. - Enterprises having more than one unit may also avail of this concession, separately for each unit. - There should be a gap of a minimum of three years between the previous energy audit and the subsequent energy audit i.e. present energy audit. > **Compotients Eligible for Subsidy** The expenditure incurred towards professional charges of conducting an Energy Audit alone is eligible.","- 75 % of the cost of the audit is subject to a maximum of ₹ 1,00,000 per energy audit. <br> ***The subsidy will be released to the MSME after completion of the Energy Audit Report that is duly certified by the energy auditor.** ***If the unit availed loan for the energy audit, the subsidy will be released to the bank to adjust in the loan account if the loan is in currency.** *** The overall ceiling on subsidy should not be applied for the original energy audit and subsequent energy audit taken together but should be applied separately for the original energy audit and the subsequent energy audit.**","Copy of Udyog Aadhaar Memorandum / Copy of Udyam Certificate. Certificate of Registration under Indian Partnership Act / LLP / Societies Registration Act / Certificate of Incorporation [Memorandum of Association & Article of Association] under Company Act. Proof for Connected Load i.e., EB Meter Card/Online Statement. If an Alternate Source of Energy [other than Electricity] is Used, Proof for the Usage. Documents for Engagement of Energy Auditor/Letter of Acceptance from Energy Auditor. If the Energy Auditor is Employed in a Firm/Co., or Partner or Director of a Firm/Co., Then Proof for the Same. Copy of Accreditation of Energy Auditor by Bureau of Energy Efficiency [BEE]. Self-Certified Statement on Expenditure Incurred for Energy Audit with Copy of the Bills/Vouchers and Receipt, etc. Copy of the Detailed Energy Audit Report. *The file type should be PDF (.pdf). The file size should be less than 200 kb.","[Online] Step 1: RegistrationVisit the Official Website/Portal of the Micro, Small, and Medium Enterprises Department of the Government of Tamil Nadu. In the top ribbon, click ""Login / Registration"". In the registration form, fill in the mandatory details accurately, Name, Date of Birth, Aadhaar Number, Email ID, and Mobile Number. Create a new password. The password must contain a minimum of 8 characters, 1 Upper Case Letter, 1 Lower Case Letter, and 1 Numeric Field. Fill in the captcha code, and click ""Register"". Step 2: LoginVisit the Login Page and click ""Login"", and then fill in the credentials received on your registered Email ID and the registered Mobile Number. Step 3: Form FillingAfter successfully logging in, hover over ""Schemes"" in the top ribbon, and then click on the concerned scheme from the dropdown. On the next page, hover over ""Apply Online"" in the top ribbon, and then click on ""New Application"" from the dropdown. Fill in all the mandatory fields of the Application Form. Carefully review all the information provided, acknowledge and agree to the terms and conditions, declaration, and privacy policy, and then click ""Proceed"". Note down the reference number appearing on the screen and then click ""Close"". Step 4: Upload DocumentsNow, hover over ""Schemes"" in the top ribbon, and then click ""Upload Documents"" from the dropdown. On the next page, provide the Application ID and click ""Submit"". On the next page, upload all the mandatory documents in the specified format and size. After uploading the documents, click ""View"" to verify the documents uploaded for correctness. Step 5: SubmissionFill in all the checkboxes appearing at the bottom of the screen and then click ""Submit Application"". The message regarding the submission of the online application to GM/DIC / RJD will be received on your mobile phone. (Optional) Step 6: Track Application Status You can check the status of your application here. The portal may provide updates via email or SMS regarding your application status.",,https://www.msmeonline.tn.gov.in/incentives/dea_sub.php?id=New%20Application,https://www.myscheme.gov.in/schemes/peacedea
Q0988,What documents are needed for Promotion of Energy Audit and Conservation of Energy (PEACE): Incentive for Implementing Energy Audit Recommendations?,English,document_help,peaceifiear,Promotion of Energy Audit and Conservation of Energy (PEACE): Incentive for Implementing Energy Audit Recommendations,Micro Small and Medium Enterprises Department,Business & Entrepreneurship,Tamil_Nadu_scheme,"The ""Incentive for lmplementing Energy Audit Recommendations"" component of this scheme is introduced to incentivise MSMEs to implement the recommendations of the Energy Audit Report and to optimize energy consumption leading to energy saving and money savings in electricity bills.","- AIl manufacturing MSMEs in the state which have undertaken energy audits arid have achieved at least 10% energy savings in terms of the number of units of energy consumed per unit of product manufactured with reference to the last 12 months average. - Enterprises having more than one unit may also avail of this concession, separately for each unit. - There should be a gap of a minimum of three years between the previous energy audit and the subsequent energy audit i.e. present energy audit. ***The percentage of savings in specific energy consumption (Kwh/Kcal per unit of product) shall be reckoned on twelve-month average energy consumption before the implementation of energy audit recommendations and a minimum three-month average after the implementation of the recommendation of the energy audit.** <br> > **Eligible Components** - Cost of technology acquired for energy saving. - Cost of replacement of equipment for energy conservation/ cost of machinery/accessories newly purchased &amp; installed for the purpose. - Cost of modification/ alteration made in the existing machinery/equipment/retrofit equipment for energy conservation.","- 50% of the cost of eligible components, subject to a maximum limit of ₹ 10,00,000/ -. - Investments made after the energy audit alone will be eligible for the subsidy. ***The overall ceiling on subsidy should not be applied for the original energy audit and subsequent energy audit taken together but should be applied separately for the original energy audit and the subsequent energy audit.** <br> > **Time of Disbursal** The subsidy will be released to the MSME after the implementation of the recommendations in the Energy Audit Report that is duly certified by the energy auditor. ***If the unit has availed a loan for the implementation of the recommendations of the energy audit, the subsidy will be released to the bank to adjust in the loan account if the loan is in currency.** <br>","Copy of Udyog Aadhaar Memorandum / Copy of Udyam Certificate. Certificate of Registration under Indian Partnership Act / LLP / Societies Registration Act / Certificate of Incorporation [Memorandum of Association & Article of Association] under Company Act. Proof for Connected Load i.e., EB Meter Card/Online Statement. If Alternate Source of Energy [other than Electricity] Used, Proof for the Usage. Documents for Engagement of Energy Auditor/Letter of Acceptance from Energy Auditor. If the Energy Auditor is Employed in a Firm/Co., or Partner or Director of a Firm/Co., Then Proof for the Same. Copy of Accreditation of Energy Auditor by Bureau of Energy Efficiency [BEE]. Self-Certified Statement on Expenditure Incurred for Energy Audit with Copy of the Bills/Vouchers and Receipt, etc. Copy of the Detailed Energy Audit Report. *The file type should be PDF (.pdf). The file size should be less than 200 kb.","[Online] Step 1: RegistrationVisit the Official Website/Portal of the Micro, Small, and Medium Enterprises Department of the Government of Tamil Nadu. In the top ribbon, click ""Login / Registration"". In the registration form, fill in the mandatory details accurately, Name, Date of Birth, Aadhaar Number, Email ID, and Mobile Number. Create a new password. The password must contain a minimum of 8 characters, 1 Upper Case Letter, 1 Lower Case Letter, and 1 Numeric Field. Fill in the captcha code, and click ""Register"". Step 2: LoginVisit the Login Page and click ""Login"", and then fill in the credentials received on your registered Email ID and the registered Mobile Number. Step 3: Form FillingAfter successfully logging in, hover over ""Schemes"" in the top ribbon, and then click on the concerned scheme from the dropdown. On the next page, hover over ""Apply Online"" in the top ribbon, and then click on ""New Application"" from the dropdown. Fill in all the mandatory fields of the Application Form. Carefully review all the information provided, acknowledge and agree to the terms and conditions, declaration, and privacy policy, and then click ""Proceed"". Note down the reference number appearing on the screen and then click ""Close"". Step 4: Upload DocumentsNow, hover over ""Schemes"" in the top ribbon, and then click ""Upload Documents"" from the dropdown. On the next page, provide the Application ID and click ""Submit"". On the next page, upload all the mandatory documents in the specified format and size. After uploading the documents, click ""View"" to verify the documents uploaded for correctness. Step 5: SubmissionFill in all the checkboxes appearing at the bottom of the screen and then click ""Submit Application"". The message regarding the submission of the online application to GM/DIC / RJD will be received on your mobile phone. (Optional) Step 6: Track Application Status You can check the status of your application here. The portal may provide updates via email or SMS regarding your application status.",,https://www.msmeonline.tn.gov.in/incentives/dea_sub.php?id=New%20Application,https://www.myscheme.gov.in/schemes/peaceifiear
Q0997,Quality Paddy Seed Distribution epdi apply panradhu?,Tanglish,application_help,qpsd,Quality Paddy Seed Distribution,Agriculture Department,"Agriculture,Rural & Environment",Tamil_Nadu_scheme,The “Quality Paddy Seed Distribution” Scheme offers a subsidy of ₹5/- per kg on certified paddy seeds.,- The beneficiary should be a Farmer. - The beneficiary should be a resident of Tamil Nadu. - The beneficiary must purchase certified paddy seeds from Agricultural Extension Centers.,- **Financial Assistance:** ₹5/- per kg subsidy on certified paddy seeds. &lt;br&gt;,"Proof of identity (Aadhar card, Voter ID). Land ownership documents or lease agreement. Any other documents (if required).","[Offline] Step 1: Collect the application form from the nearest Agricultural Office. Step 2: Fill out the application form with the required details and attach mandatory documents (self-attested, if required). Step 3: Submit the form to the concerned office: Village Level: Submit the application to the Assistant Agricultural Officer.Block Level: Submit to the Agricultural Officer or Deputy Agricultural Officer.District Level: Submit to the Joint Director of Agriculture.",,https://www.tn.gov.in/scheme/data_view/19244,https://www.myscheme.gov.in/schemes/qpsd
Q1002,Readers Allowance to Visually Impaired Persons epdi apply panradhu?,Tanglish,application_help,ratvip,Readers Allowance to Visually Impaired Persons,Welfare of Differently Abled Persons Department,"Education & Learning, Social welfare & Empowerment",Tamil_Nadu_scheme,"'Readers Allowance to Visually Impaired Persons' scheme was launched by the Department for the Welfare of Differently Abled Persons, Government of Tamil Nadu. The scheme aims to provide readers allowance to visually impaired students, specific allowance rates based on the education level.",1. The applicant should be a visually impaired student. 1. The applicant enrolled in 9th standard or above in a recognized/bonafide institution.,"> **Reader&#39;s allowance is being paid at the following rate:** - 9th**** To 10th Standard - ₹3,000/- (per annum).- Degree Courses - ₹5,000/- (per annum). - Post Graduate and Professional Courses - ₹6,000/- (per annum). <br>",Reader Certificate (issued from the head of the institution). National Identity Card of the Differently Abled. Statement of Marks (previous qualifying examination).,"[Offline] Step 1: The interested applicant should visit (during office hours) the District Differently Abled Welfare Officer and request a hard copy of the prescribed format of the application form from the staff exclusively entrusted to issue and collect filled-in applications. Step 2: In the application form, fill in all the mandatory fields, and attach copies of all the mandatory documents (self-attest, if required). Step 3: Submit the duly filled and signed application form along with the documents to the District Differently Abled Welfare Officer. Step 4: Request a receipt or acknowledgment from the District Differently Abled Welfare Officer to whom the application has been submitted. Ensure that the receipt contains essential details such as the date and time of submission, and a unique identification number (if applicable).",,https://cms.tn.gov.in/sites/default/files/documents/wda_e_cc_2022_23.pdf,https://www.myscheme.gov.in/schemes/ratvip
Q1008,What documents are needed for Reimbursement of Stamp Duty and Registration Charges?,English,document_help,rsdarc,Reimbursement of Stamp Duty and Registration Charges,Micro Small and Medium Enterprises Department,Business & Entrepreneurship,Tamil_Nadu_scheme,"The scheme ""Reimbursement of Stamp Duty and Registration Charges"" by the Micro Small and Medium Enterprises Department, Government of Tamil Nadu, is introduced with the objective of reducing the stamp duty and registration charges incurred by MSEs investing in backward blocks.","- The applicant should be a manufacturing enterprise (micro or small scale), set up in the declared backward blocks of the state of Tamil Nadu. - This incentive is admissible to eligible enterprises on the land area up to five times the plinth area of the factory building constructed. - However, in respect of enterprises where the open land requirements would be large, due to the peculiar nature of the industry, the sanctioning Authority may consider allowing land in excess of five times the plinth area on case to case basis. <br> Know Your Eligibility for this Scheme [here](Verify your Eligibility for the Scheme here https://www.msmeonline.tn.gov.in/incentives/know_your_eligibility.php)",50% reimbursement of stamp duty and Registration charges paid to the Registration department on the purchase of land meant for industrial use.,Copy of UDYAM Registration Certificate. Copy of Registered Land Sale deed documents with receipt from Registrar regarding the payment of Stamp Duty/Registration Charges. Copy of plan Approvals from the local body / Industrial Estate Authorities along with site plan. *The file type should be PDF (.pdf). The file size should be less than 200 kb.,"[Online] Step 1: RegistrationVisit the Official Website/Portal of the Micro, Small, and Medium Enterprises Department of the Government of Tamil Nadu. In the top ribbon, click ""Login / Registration"". In the registration form, fill in the mandatory details accurately, Name, Date of Birth, Aadhaar Number, Email ID, and Mobile Number. Create a new password. The password must contain a minimum of 8 characters, 1 Upper Case Letter, 1 Lower Case Letter, and 1 Numeric Field. Fill in the captcha code, and click ""Register"". Step 2: LoginVisit the Login Page and click ""Login"", and then fill in the credentials received on your registered Email ID and the registered Mobile Number. Step 3: Form FillingAfter successfully logging in, hover over ""Schemes"" in the top ribbon, and then click on the concerned scheme from the dropdown. On the next page, hover over ""Apply Online"" in the top ribbon, and then click on ""New Application"" from the dropdown. Fill in all the mandatory fields of the Application Form. Carefully review all the information provided, acknowledge and agree to the terms and conditions, declaration, and privacy policy, and then click ""Proceed"". Note down the reference number appearing on the screen and then click ""Close"". Step 4: Upload DocumentsNow, hover over ""Schemes"" in the top ribbon, and then click ""Upload Documents"" from the dropdown. On the next page, provide the Application ID and click ""Submit"". On the next page, upload all the mandatory documents in the specified format and size. After uploading the documents, click ""View"" to verify the documents uploaded for correctness. Step 5: SubmissionFill in all the checkboxes appearing at the bottom of the screen and then click ""Submit Application"". The message regarding the submission of the online application to GM/DIC / RJD will be received on your mobile phone. (Optional) Step 6: Track Application Status You can check the status of your application here. The portal may provide updates via email or SMS regarding your application status. Time Limit for Filing ApplicationThe applicant enterprises should apply for this incentive within 6 months from the date of commencement of commercial production.",,https://www.msmeonline.tn.gov.in/incentives/stamp_duty.php,https://www.myscheme.gov.in/schemes/rsdarc
Q1019,Rural Girls’ Incentive Scheme ku eligibility enna?,Tanglish,eligibility_query,rgis,Rural Girls’ Incentive Scheme,Backward Classes Most Backward Classes and Minorities Welfare Department,Education & Learning,Tamil_Nadu_scheme,"The Scheme provides financial support to girls students of Most Backward Classes (MBC) and Denotified Communities (DNC) studying in rural government or government-aided schools, aimed at encouraging education and reducing school dropouts.","1. The beneficiary should be a student. 1. The beneficiary should be a female. 1. The beneficiary should be a resident of Tamil Nadu (should not be from Chennai District). 1. The beneficiary should be from a rural area. 1. The beneficiary should belong to the Most Backward Classes (MBC)/ Denotified Communities (DNC). 1. The beneficiary should be Studying in classes 3rd to 6th in government or government-aided schools 1. The beneficiary&amp;#39;s parental annual income should not exceed ₹1,00,000/-. **Note:** - This scheme is implemented in all the Districts except Chennai District. - Preference will be given to Girl Children of Widows/ Destitutes.","> **Financial Assistance:** - For 3rd to 5th grade: ₹500/- per annum. - For 6th grade: ₹1,000/- per annum. <br>","Proof of identity (Aadhar card or any other document as directed by the authority). Caste certificate (MBC/DNC category). Proof of school admission (enrollment in a government or government-aided school). Widow or destitute certificate (if applicable). Address proof (rural area). Proof of Income (parental annual income should be less than ₹1,00,000/-). Any other documents (if required).",[Offline] The eligible and willing students are requested to contact the Headmaster of the Government/Government Aided Schools concerned in Rural areas.,,https://bcmbcmw.tn.gov.in/welfschemes.htm#incentive_scheme,https://www.myscheme.gov.in/schemes/rgis
Q1025,What benefits are available under Sathiyavanimuthu Ammaiyar Ninaivu Free Supply of Sewing Machine Scheme?,English,benefit_query,sanfsosms,Sathiyavanimuthu Ammaiyar Ninaivu Free Supply of Sewing Machine Scheme,Department of Social Welfare and Women Empowerment,"Social welfare & Empowerment, Women and Child",Tamil_Nadu_scheme,"The 'Sathiyavanimuthu Ammaiyar Ninaivu Free Supply of Sewing Machine Scheme' was launched by the Social Welfare and Women Empowerment Department, Tamil Nadu. The scheme aims to provide sewing machines to destitute, deserted women/widows, differently abled men & women to increase self-employment.","1. The applicant&#39;s annual income should not exceed ₹72,000/-. 1. The age of the applicant should be between 20 to 40 years. 1. The applicant should have knowledge of tailoring. 1. The applicant should be ANY ONE of the following: - Destitute Woman. - Widow. - Deserted Woman. - Differently Abled Man. - Differently Abled Woman. - Socially Affected Woman. - Woman From Economically Weaker Sections.",Sewing machines and accessories are provided at free of cost.,Destitute/Deserted/Widow/Differently abled Certificate Family Income Certificate Age Certificate Certificate showing that the applicant has knowledge in tailoring.,"[Online - via CSC] Step 1: The applicant should gather copies of the necessary documents needed to apply for the concerned scheme. Step 2: The applicant should visit the nearest Common Service Center (CSC) and complete the Biometric Verification Process. Step 3: In the application form, fill in all the mandatory fields and upload copies of all the mandatory documents. Step 4: Request a receipt or acknowledgement from the concerned authority to whom the application has been submitted. Ensure that the receipt contains essential details such as the date and time of submission, and a unique identification number (if applicable).",,https://cms.tn.gov.in/sites/default/files/documents/swwe_e_cc_2022_23.pdf,https://www.myscheme.gov.in/schemes/sanfsosms
Q1027,Sathya Ammaiyar Ninaivu Government Children Homes epdi apply panradhu?,Tanglish,application_help,sangch,Sathya Ammaiyar Ninaivu Government Children Homes,Social Welfare and Nutritious Meal Programme Department,"Social welfare & Empowerment, Women and Child",Tamil_Nadu_scheme,"The ""Sathya Ammaiyar Ninaivu Government Children Homes"" was launched by the Social Welfare and Nutritious Meal Programme Department, Government of Tamil Nadu. The scheme aims to provide education to destitute, deserted and abandoned children by giving free food, clothing, shelter and medical care.","1. The applicant should be destitute, deserted, and abandoned children. 1. The applicant&#39;s family income should not exceed ₹24,000/- per annum. 1. The boys are eligible up to the 5th Standard. 1. The girl child&#39;s age should be 5 to18 years, in case girls without father and mother are admitted up to 21 years for their higher studies 1. The children without parents or with single parent, children of ailing parents and prisoners, children whose parents are alive but not able to be looked after by them since father/mother is severely differently abled and taken care of by mother/father are eligible. <br>","- **Food, accommodation, education, uniform, free textbook and notebooks, medical facilities, chappals, and bedding.**",Age Proof Income Certificate Birth Certificate Any other document if required.,"[Offline] Step 1: The interested applicant should visit (during office hours) the District Social Welfare Officer/Extension Officer (SW)/Rural Welfare Officer (Women) and request a hard copy of the prescribed format of the application form from the staff exclusively entrusted to issue and collect filled-in applications. Step 2: In the application form, fill in all the mandatory fields, and attach copies of all the mandatory documents (self-attest, if required). Step 3: Submit the duly filled and signed application form along with the documents to the District Social Welfare Officer/Extension Officer (SW)/Rural Welfare Officer (Women) Step 4: Request a receipt or acknowledgment from the District Social Welfare Officer/Extension Officer (SW)/Rural Welfare Officer (Women) to whom the application has been submitted. Ensure that the receipt contains essential details such as the date and time of submission, and a unique identification number (if applicable).",,https://cms.tn.gov.in/sites/default/files/whatsnew/socialwelfare.pdf,https://www.myscheme.gov.in/schemes/sangch
Q1031,இந்த Scheme for Giving Awards to Junior Artists in Contemporary Art Field பற்றி தகவல் வேண்டும்,Tamil,information_request,sfgatjsicat,Scheme for Giving Awards to Junior Artists in Contemporary Art Field,Art and Culture Department,Skills & Employment,Tamil_Nadu_scheme,"The ""Scheme for Giving Awards to Junior Artists in Contemporary Art Field"" was launched by the Art and Culture Department, Tamil Nadu. The scheme aims to encourage junior artists towards Painting & Sculpture arts by giving an award of ₹10,000/- at the state-level contemporary art exhibition.",1. The applicant should be a domicile of Tamil Nadu. 1. The applicant should be an artist. 1. The applicant should be less than 30 years of age.,"₹10,000/- award prize money for 30 Junior artists.",Bio-data of the Artist. Age proof.,"[Offline] A Kuzhu’s Press Release inviting contemporary art works from Senior artists will be published in the newspapers.Step 1: The interested applicant should visit (during office hours) the office of the Oviya Nunkalai Kuzhu and request the hard copy of the prescribed format of the application form from the staff exclusively entrusted to issue and collect filled-in applications. Step 2: In the application form, fill in all the mandatory fields, and attach copies of all the mandatory documents (self-attest, if required). Step 3: Submit the duly filled and signed application form along with the documents either directly or by post to the Member Secretary, Tamil Nadu Oviya Nunkalai Kuzhu, Directorate of Art and Culture, Dr. D.G.S. Dinakaran Road, (Greenways Road) Chennai 600 028. Telephone: 24936136 Step 4: Request a receipt or acknowledgement from the concerned authority to whom the application has been submitted. Ensure that the receipt contains essential details such as the date and time of submission, and a unique identification number (if applicable). NOTE: The artist must pay an entry fee of ₹20/- along with the filled-up application form.",,https://www.tn.gov.in/rti/proactive/inftour/handbook_artculture.pdf,https://www.myscheme.gov.in/schemes/sfgatjsicat
Q1042,Scheme for Giving Awards to Traditional Artists epdi apply panradhu?,Tanglish,application_help,sfgatta-sa,Scheme for Giving Awards to Traditional Artists,Art and Culture Department,"Skills & Employment, Sports & Culture",Tamil_Nadu_scheme,"Through the ""Scheme for Giving Awards to Traditional Artists"", awards are conferred to the participant artists whose works are adjudged outstanding among the entries at the State-level Traditional Art Exhibition conducted by the Kuzhu. The awarded works are put on display for public view.","1. The applicant should be an artist. 1. The artist should be a native of Tamil Nadu by continuous residence for not less than 5 years. 1. The artist should be in the field of creating artworks like tanjore paintings, glass paintings, traditional paintings, wood carvings, metal sculptures, etc.","Prize Money of ₹5,000/- per artist is given to 10 artists.",Bio Data. Art Works.,"[Offline] Step 1: The interested applicant should visit (during office hours) the Oviya Nunkalai Kuzhu (Tamil Nadu Fine Arts Academy) and request the hard copy of the prescribed format of the application form from the concerned staff. Step 2: In the application form, fill in all the mandatory fields, and attach copies of all the mandatory documents (self-attest, if required). Step 3: Submit the duly filled and signed application form along with the documents either directly or by post to the Member Secretary, Tamil Nadu Oviya Nunkalai Kuzhu, Directorate of Art and Culture, Dr. D.G.S. Dinakaran Road, (Greenways Road) Chennai - 600 028 Step 4: Request a receipt or acknowledgement from the concerned authority to whom the application has been submitted. Ensure that the receipt contains essential details such as the date and time of submission, and a unique identification number (if applicable). NOTE: The artist will have to pay an entry fee of ₹10/- along with the filled-up application form.",,https://www.tn.gov.in/rti/proactive/inftour/handbook_artculture.pdf,https://www.myscheme.gov.in/schemes/sfgatta-sa
Q1048,What documents are needed for Scheme for Giving Financial Assistance to the Legal Heirs of the Deceased Artist (Wife/Husband) on the Death of the Indigent Artist Who Was Receiving Financial Assistance?,English,document_help,sfgfattlhotdawhotdotiawwrfs,Scheme for Giving Financial Assistance to the Legal Heirs of the Deceased Artist (Wife/Husband) on the Death of the Indigent Artist Who Was Receiving Financial Assistance,Art and Culture Department,"Social welfare & Empowerment, Sports & Culture",Tamil_Nadu_scheme,"""Scheme for Giving Financial Assistance to the Legal Heirs of the Deceased Artist (Wife/Husband) on the Death of the Indigent Artist who was Receiving Financial Assistance"" was launched by the Art and Culture Dept, Govt of Tamil Nadu. ₹3,000/- is given to the eligible legal heir of the deceased.","- The applicant should be the legal heir (wife/husband) of the deceased. - The deceased should have been an artist. - The deceased should have been receiving financial assistance through the scheme &quot; Scheme of Financial Assistance to Indigent Artistes&quot; by the Art and Culture Department, Government of Tamil Nadu. - The deceased should have been 58 years or older. - The benefit of the scheme will be given only on the death of the indigent artist. - The deceased should have professionally served for the enrichment of any one of the art disciplines or more such as music, dance, drama, film, folk arts, etc. - The annual income of the deceased artist or their legal spouse should not have exceeded ₹12,000/-.","Financial Assistance of ₹3,000/- per month.","3 Photographs of the Legal Heir, attested by the Tahsildar. Specimen Signature of the Incumbent. Legal Heir Certificate. Proof Establishing the Relationship between the Deceased and the Applicant. Income Certificate. Death Certificate of the Indigent Artist. Copy of the authorisation issued by the Accountant General. Details regarding the last payment from the Treasury concerned. Any other document, if required.","[Offline] Step 1: The interested applicant should visit (during office hours) the office of the Commissioner of Art and Culture and request the hard copy of the prescribed format of the application form from the staff exclusively entrusted to issue and collect filled-in applications. Step 2: In the application form, fill in all the mandatory fields, paste the passport-sized photograph (signed across, if required), and attach copies of all the mandatory documents (self-attest, if required). Step 3: Submit the duly filled and signed application form along with the documents to the Commissioner, Directorate of Art and Culture, Thendral, Dr. D.G.S. Dinakaran Road, Chennai - 600 028. Step 4: Request a receipt or acknowledgement from the concerned authority to whom the application has been submitted. Ensure that the receipt contains essential details such as the date and time of submission, and a unique identification number (if applicable).",,https://www.tn.gov.in/rti/proactive/inftour/handbook_artculture.pdf,https://www.myscheme.gov.in/schemes/sfgfattlhotdawhotdotiawwrfs
Q1051,இந்த Scheme for Meritorious Students to Pursue Higher Secondary Education in the Best Schools of Tamil Nadu பற்றி தகவல் வேண்டும்,Tamil,information_request,sfmstn,Scheme for Meritorious Students to Pursue Higher Secondary Education in the Best Schools of Tamil Nadu,Backward Classes Most Backward Classes and Minorities Welfare Department,Education & Learning,Tamil_Nadu_scheme,"The scheme provides financial assistance to the top 10 students from each district (based on 10th-grade public exam results) who study in government high schools, enabling them to pursue higher secondary education in select private schools of their choice across Tamil Nadu.","- The beneficiary should be a student. - The beneficiary should be a resident of Tamil Nadu. - The beneficiary should belong to the Backward Classes (BC)/ Most Backward Classes (MBC)/ Denotified Communities (DNC). - The beneficiary should have secured the highest marks in 10th Public examination. - The beneficiary should be among the Top 10 meritorious students from each district. - The beneficiary should be studying in Government/ Government Aided/ Private School. - The beneficiary&amp;#39;s parental annual income should not exceed ₹1,00,000/-.",- **Financial Assistance:** Full financial assistance for pursuing higher secondary education in reputed private schools.,"Proof of identity (Aadhar card or any other document as directed by the authority). Caste certificate (BC/MBC/DNC). 10th Grade Marksheet. Proof of Income (parental annual income should be less than ₹1,00,000/-). Any other documents (if required).","[Offline] Step 1: The interested applicant should collect the application form from their concerned educational institution. Step 2: In the application form, fill in all the mandatory fields, paste the passport-sized photograph (signed across, if required), and attach copies of all the mandatory documents (self-attest, if required). Step 3: Submit the duly filled and signed application form along with the documents to the institution. Step 4: Request a receipt or acknowledgment from the concerned authority to whom the application has been submitted. Ensure that the receipt contains essential details such as the date and time of submission, and a unique identification number (if applicable).",,https://www.tn.gov.in/scheme/data_view/27514,https://www.myscheme.gov.in/schemes/sfmstn
Q1059,Scheme of Awarding Porkizhi to the Indigent Kalaimamani Awardee Artists ku eligibility enna?,Tanglish,eligibility_query,soapttikaa,Scheme of Awarding Porkizhi to the Indigent Kalaimamani Awardee Artists,Art and Culture Department,"Skills & Employment, Sports & Culture, Social welfare & Empowerment",Tamil_Nadu_scheme,"""Scheme of Awarding Porkizhi to the Indigent Kalaimamani Awardee Artists"" was launched by the Art and Culture Department, Government of Tamil Nadu. The artists who have already received the Kalaimamani Award and who are presently in indigent circumstances are awarded ₹15,000/-.","1. The applicant should be an artist. 1. The applicant should have received the Kalaimamani Award. 1. The applicant should be living under indigent circumstances. 1. The age of the applicant should be 58 years or above. 1. The annual income of the applicant should not exceed ₹12,000/-.","Financial Assistance of ₹15,000/-.","Age Proof/Certificate. Income Certificate. Proof of Receiving the Kalaimamani Award. Any other documents, if required.","[Offline] The advertisement from the Manram is published in the newspapers.Step 1: The interested applicant should visit (during office hours) the office of the Manram and request the hard copy of the prescribed format of the application form from the staff exclusively entrusted to issue and collect filled-in applications. Step 2: In the application form, fill in all the mandatory fields, and attach copies of all the mandatory documents (self-attest, if required). Step 3: Submit the duly filled and signed application form along with the documents to the Member Secretary, Tamil Nadu Eyal Isai Nataka Manram, Ponni, 31, P.S. Kumarasamy Raja Salai, Chennai-600 028. Step 4: Request a receipt or acknowledgement from the concerned authority to whom the application has been submitted. Ensure that the receipt contains essential details such as the date and time of submission, and a unique identification number (if applicable).",,https://www.tn.gov.in/rti/proactive/inftour/handbook_artculture.pdf,https://www.myscheme.gov.in/schemes/soapttikaa
Q1067,Scheme of Conferring ‘Kalaimamani’ Award epdi apply panradhu?,Tanglish,application_help,socka-tn,Scheme of Conferring ‘Kalaimamani’ Award,Art and Culture Department,"Skills & Employment, Sports & Culture",Tamil_Nadu_scheme,"The ""Scheme of Conferring ‘Kalaimamani’ Award - Tamil Nadu"" was launched by the Art & Culture Dept. Tamil Nadu. The awards felicitate the famous artists who are serving in a commendable manner in the fields of Eyal, Isai, Natakam, Natyam, Cinema, Isai Natakam, Folk arts, Television & related arts.","1. The applicant should be an Artist. 1. The artist should be popular and famous. 1. The artist should have professionally rendered yeomen services for the enrichment of the traditional arts. 1. The artist&#39;s performance should have had lasting contribution, popularity, and merit in the art disciplines of Tamil Literature, Music, Bharathanatyam, Drama, Film, Folk arts, Painting, Sculptures, Vigadam, etc. 1. An artist who is popular in various art disciplines can be conferred the Kalaimamani Award for one discipline only. 1. If more than one artist is jointly engaged in artistic pursuit in any of the art disciplines, the award will be given to them jointly. **NOTE 1:** This award is conferred regardless of caste, religion, race and age. **NOTE 2:** Individual works of art or a single achievement will not be considered for conferring this award. <br>","The artist is provided with an Investiture Gold Pendant of three Sovereign Ponnadai and a Citation. _*If the artist expires after the announcement of the award to him/her but before the investiture function, the award will be given to his/her dependent._","Bio-Data of the Artist. Proof of Achievements/Merits in the art disciplines of Tamil Literature, Music, Bharathanatyam, Drama, Film, Folk arts, Painting, Sculptures, Vigadam etc. Any other document, if required.","[Offline] The advertisement by the Manram is published in the newspapers.Step 1: The interested applicant should visit (during office hours) the office of the Manram and request the hard copy of the prescribed format of the application form from the staff exclusively entrusted to issue and collect filled-in applications. Step 2: In the application form, fill in all the mandatory fields, and attach copies of all the mandatory documents (self-attest, if required). Step 3: Submit the duly filled and signed application form along with the documents to the Member Secretary, Tamil Nadu Eyal Isai Nataka Manram, Ponni, 31, P.S. Kumarasamy Raja Salai, Chennai-600 028. Step 4: Request a receipt or acknowledgement from the concerned authority to whom the application has been submitted. Ensure that the receipt contains essential details such as the date and time of submission, and a unique identification number (if applicable).",,https://www.tn.gov.in/rti/proactive/inftour/handbook_artculture.pdf,https://www.myscheme.gov.in/schemes/socka-tn
Q1075,What benefits are available under Scheme of Encouragement to Young Artists?,English,benefit_query,soetya,Scheme of Encouragement to Young Artists,Art and Culture Department,"Skills & Employment, Sports & Culture",Tamil_Nadu_scheme,"""Scheme of Encouragement to Young Artists"" was launched by the Art and Culture Department, Tamil Nadu aims to give a chance to talented young artists to perform in four programs through the successfully running Voluntary Cultural Organization & grant given to the artiste for performing the programs.","1. The applicant should be an artist. 1. The applicant should be a domicile of Tamil Nadu. 1. In the case of music artist, the age should be above 16 years and within 30 years. 1. In the case of Bharatanatyam artist, the age should be over 15 years and within 30 years. 1. The orchestra artists such as ghatam, ganjira, muharshingh, konnakkol are also eligible to apply. 1. The artist should participate in any one of the following performances: Vocal, Bharatanatyam, Kathakalakshepam, Veena, Violin (solo) Nadaswaram, Flute, Jalatharangam, Gottuvadhyam, Clarinet, Guitar, Mandolin, Saxophone.","Remuneration in the range of ₹5,000/- to ₹10,000/-.","Age Proof. Any other document, if required. Proof of Proficiency in Carnatic Style Art Form. Proof of individual performances in cultural programmes in art disciplines such as Vocal, Bharathanatyam, Kathakalakshepam, Veena, Violin (solo) Nadaswaram, Flute, Jalatharangam, Gottuvadhyam, Clarionet, Guitar, Mandolin, Saxophone, etc.","[Offline] Releasing the advertisement published by the Manram in the newspapers.Step 1: The interested applicant should visit (during office hours) the office of the Manram and request the hard copy of the prescribed format of the application form from the staff exclusively entrusted to issue and collect filled-in applications. Step 2: In the application form, fill in all the mandatory fields, and attach copies of all the mandatory documents (self-attest, if required). Step 3: Submit the duly filled and signed application form along with the documents to the Member Secretary, Tamil Nadu Eyal Isai Nataka Manram, Ponni, 31, P.S. Kumarasamy Raja Salai, Chennai-600 028. Step 4: Request a receipt or acknowledgment from the concerned authority to whom the application has been submitted. Ensure that the receipt contains essential details such as the date and time of submission, and a unique identification number (if applicable). NOTE: The artiste selected already in one art discipline can apply for another also.",,https://www.tn.gov.in/rti/proactive/inftour/handbook_artculture.pdf,https://www.myscheme.gov.in/schemes/soetya
Q1080,What benefits are available under Scheme of Extending Family Maintenance Grant to the Families of the Deceased Famous Artists?,English,benefit_query,soefmgttfotdfa,Scheme of Extending Family Maintenance Grant to the Families of the Deceased Famous Artists,Art and Culture Department,"Social welfare & Empowerment, Sports & Culture",Tamil_Nadu_scheme,"""Scheme of Extending Family Maintenance Grant to the Families of the Deceased Famous Artists"" was launched by the Art and Culture Department, Government of Tamil Nadu. The objective of the scheme is to provide a one-time maintenance grant of ₹25,000/- to the families of deceased famous artists.",1. The deceased should have been a famous artist in the art disciplines of music/ drama/ dance/ film/ folk arts. 1. The benefit of the scheme will be given only on the death of the famous artist. 1. The applicant should be the legal heir of the deceased.,"Financial Assistance of ₹25,000/-.",Passport-size Photo of Deceased Artist. Applicant Passport-size Photo. Deceased Artist's Original Death Certificate. Legal Heir Certificate. Income Certificate (from Thasildar). Genuine Artist Certificate (from Two Senior Artists or Cultural Organizations). Property Certificate (if Owned House or Land).,"[Offline] Step 1: The interested applicant should visit (during office hours) the office of the Manram and request the hard copy of the prescribed format of the application form from the staff exclusively entrusted to issue and collect filled-in applications. Step 2: In the application form, fill in all the mandatory fields, and attach copies of all the mandatory documents (self-attest, if required). Step 3: Submit the duly filled and signed application form along with the documents to the Member Secretary, Tamil Nadu Eyal Isai Nataka Manram, Ponni, 31, P.S. Kumarasamy Raja Salai, Chennai - 600 028. Step 4: Request a receipt or acknowledgement from the concerned authority to whom the application has been submitted. Ensure that the receipt contains essential details such as the date and time of submission, and a unique identification number (if applicable).",,https://www.tn.gov.in/rti/proactive/inftour/handbook_artculture.pdf,https://www.myscheme.gov.in/schemes/soefmgttfotdfa
Q1090,What benefits are available under Scheme of Extending Financial Assistance to New Drama Productions?,English,benefit_query,soefatndp,Scheme of Extending Financial Assistance to New Drama Productions,Art and Culture Department,"Skills & Employment, Sports & Culture",Tamil_Nadu_scheme,"""Scheme of Extending Financial Assistance to New Drama Productions"" aims to encourage the dance-drama art forms and the artists involved in such arts. The scheme provides grants of ₹20,000/- for the production and staging of new Tamil dance dramas based on Tamil arts, literature and culture.","- The dramas should reflect the assistance of Tamil art forms, culture, civilization, tradition, society and history. - The drama should not be staged in advance. - The drama should not show caste, religious, or political animosity. - No additional dialogues or scenes should be added to the drama scripts without prior approval of the Manram. - The drama scripts should be selected by the Manram.","Financial Assistance of upto ₹20,000/-, based on the quality and sceneries of the social, historical, mythological, dramas selected by the expert committee, > **Number of Instalments** The financial assistance is provided in four instalments: - 30% as the first instalment, given after the selection of the drama by the expert committee. - 40% as the second instalment, provided three days before the conduct of the drama. - 20% as the third instalment, released on the day when the drama is staged. - 10% as the fourth instalment, disbursed after receiving the utilization certificate and certification from the Chartered Accountant. *The Mandram will bear the expenses towards the rent for the auditorium, sound and light, advertisement and invitation. *The expenses relating to the rehearsal of drama, remuneration to the actors, scenes and settings, etc., have to be borne by the drama institution receiving financial assistance.","3 Copies of Drama Scripts. No-Objection Certificate for the Dialogues or Scenes in the Drama, issued by the District Collector/Police Department).","[Offline] The advertisement is published in the newspapers, calling for applications by the Tamil Nadu Eyal Isai Nataka Mandram. Step 1: The interested applicant should visit (during office hours) the office Mandram and request a hard copy of the prescribed format of the application form from the concerned staff. Step 2: In the application form, fill in all the mandatory fields, paste the passport-sized photograph (signed across, if required), and attach copies of all the mandatory documents (self-attest, if required). Step 3: Submit the duly filled and signed application form along with the documents to the Tamil Nadu Eyal Isai Nataka Mandram. Step 4: Request a receipt or acknowledgement from the concerned authority to whom the application has been submitted. Ensure that the receipt contains essential details such as the date and time of submission, and a unique identification number (if applicable).",,https://www.tn.gov.in/rti/proactive/inftour/handbook_artculture.pdf,https://www.myscheme.gov.in/schemes/soefatndp
Q1092,Scheme of Extending Grants for the Publication of Rare Books on Arts epdi apply panradhu?,Tanglish,application_help,soegftporboa,Scheme of Extending Grants for the Publication of Rare Books on Arts,Art and Culture Department,"Skills & Employment, Social welfare & Empowerment",Tamil_Nadu_scheme,"Under the ""Scheme for Giving Awards to Traditional Artists"", a grant is sanctioned to the writer for the publication of books that are considered rare for the development of arts. 60% of the total cost of the printing charges of 1000 copies or ₹15,000/- whichever is less is sanctioned as a grant.",1. The applicant should be an Author/Writer. 1. The applicant should lack sufficient financial resources to cover the publishing expenses of the rare books. 1. The book should have been considered rare for the development of arts 1. The submitted book should not have been published before.,"60% of the total cost of the printing charges of 1000 copies or ₹15,000/- whichever is less is sanctioned as a grant. > **Number of Installments** The grant amount is disbursed in two instalments: - **First Installment:** 50% upon selection of the book by the Expert Committee. - **Second Installment:** 50% after the author submits 100 printed copies of the book along with an expenditure statement for verification. *This grant is not given for reprint. <br> <br> <br> <br>",3 Copies manuscript of the book to be published. Quotations for printing (from three printing presses).,"[Offline] The advertisement is published in the newspapers, calling for applications by the Tamil Nadu Eyal Isai Nataka Mandram. Step 1: The interested applicant should visit (during office hours) the office Mandram and request a hard copy of the prescribed format of the application form from the concerned staff. Step 2: In the application form, fill in all the mandatory fields, paste the passport-sized photograph (signed across, if required), and attach copies of all the mandatory documents (self-attest, if required). Step 3: Submit the duly filled and signed application form along with the documents to the Tamil Nadu Eyal Isai Nataka Mandram. Step 4: Request a receipt or acknowledgement from the concerned authority to whom the application has been submitted. Ensure that the receipt contains essential details such as the date and time of submission, and a unique identification number (if applicable).",,https://www.tn.gov.in/rti/proactive/inftour/handbook_artculture.pdf,https://www.myscheme.gov.in/schemes/soegftporboa
Q1101,இந்த Scheme of Giving Awards to Eminent Artists - Kalai Ilamani Award பற்றி தகவல் வேண்டும்,Tamil,information_request,sogateakia,Scheme of Giving Awards to Eminent Artists - Kalai Ilamani Award,Art and Culture Department,Skills & Employment,Tamil_Nadu_scheme,"""Scheme of Giving Awards to Eminent Artists - Kalai Ilamani Award"" was launched by the Art and Culture Department, Government of Tamil Nadu aims to promote and preserve the culture of Tamil Nadu. The selected artists are awarded financial assistance ₹4,000/- and certificates of appreciation.",1. The applicant should be an artist. 1. The applicant&#39;s age should be 18 years and below.,"- Financial Assistance of ₹4,000/-. - Certificate of Appreciation. - A shawl worth ₹500/-. - 5 eminent artists are awarded every year.",3 Photographs. Bio-Data. Degree Certificate. Copy of Family Card or Voter ID Card. A copy of the School Replacement Certificate or a Bust Photograph should be attached (in case of absence of a School Replacement Certificate). Copy of Proof of Artistic Ability. Current Age Proof as per Family Card.,"[Offline] To Register on the Website:Step 1: Applicant visits the official website. Step 2: Click on 'Artist Registration' then 'Individual Fine Arts. Step 3: Fill in the mandatory fields such as Name and Mobile number. Step 4: Upon entering your mobile number, you will receive an OTP for verification. Verify your mobile number to proceed. Step 5: Establish a password and input the provided verification code (CAPTCHA). Step 6: Log in to your account upon successful verification. Artist Registration Procedure:Step 7: Return to 'Artist Registration' and choose 'Individual Fine Arts'. Step 8: Complete the 'Artist Individual Registration' form with the necessary details. Step 9: Upload the Artist's photo, relevant documents, and photos of artworks. Step 10: Optionally, provide the link to your YouTube channel if available. Step 11: Enter your bank details and complete the CAPTCHA verification. Step 12: Click on 'Submit'. Upon successful submission, you will receive a 'Reference Number'. Post-Registration:Step 1: Access 'Registered Artist' and select 'Individual Fine Arts.' Step 2: Download your issued I-card. Application Process:Step 1: The interested applicant should visit (during office hours) the district office (Page No. 12) of the Assistant Director, Regional Cultural Centre and request a hard copy of the prescribed format of the application form from the staff exclusively entrusted to issue and collect filled-in applications. OR The interested applicant should take print of the prescribed format of the application form. Step 2: In the application form, fill in all the mandatory fields, paste the passport-sized photograph (signed across, if required), and attach copies of all the mandatory documents (self-attest, if required). Step 3: Submit the duly filled and signed application form along with the documents to the Assistant Director, Regional Cultural Centre. Step 4: Request a receipt or acknowledgment from the concerned authority to whom the application has been submitted. Ensure that the receipt contains essential details such as the date and time of submission, and a unique identification number (if applicable).",,https://artandculture.tn.gov.in/sites/default/files/forms_uploads/Award%20application_0.pdf,https://www.myscheme.gov.in/schemes/sogateakia
Q1114,Scheme of Giving Awards to Eminent Artists - Kalai Nanmani Award ku eligibility enna?,Tanglish,eligibility_query,sogateakna,Scheme of Giving Awards to Eminent Artists - Kalai Nanmani Award,Art and Culture Department,Skills & Employment,Tamil_Nadu_scheme,"""Scheme of Giving Awards to Eminent Artists - Kalai Nanmani Award"" by the Art and Culture Department, Government of Tamil Nadu aims to promote and preserve the culture of Tamil Nadu. The selected artists are awarded financial assistance ₹15,000/- and certificates of appreciation.",1. The applicant should be an artist. 1. The age of the applicant should be between 51 to 65 years.,"- Financial Assistance of ₹15,000/-. - Certificate of Appreciation. - A shawl worth ₹500/-. - 5 eminent artists are awarded every year.",3 Photographs. Bio-Data. Degree Certificate. Copy of Family Card or Voter ID Card. A copy of the School Replacement Certificate or a Bust Photograph should be attached (in case of absence of a School Replacement Certificate). Copy of Proof of Artistic Ability. Current Age Proof as per Family Card.,"[Offline] To Register on the Website:Step 1: Applicant visits the official website. Step 2: Click on 'Artist Registration' then 'Individual Fine Arts. Step 3: Fill in the mandatory fields such as Name and Mobile number. Step 4: Upon entering your mobile number, you will receive an OTP for verification. Verify your mobile number to proceed. Step 5: Establish a password and input the provided verification code (CAPTCHA). Step 6: Log in to your account upon successful verification. Artist Registration Procedure:Step 7: Return to 'Artist Registration' and choose 'Individual Fine Arts'. Step 8: Complete the 'Artist Individual Registration' form with the necessary details. Step 9: Upload the Artist's photo, relevant documents, and photos of artworks. Step 10: Optionally, provide the link to your YouTube channel if available. Step 11: Enter your bank details and complete the CAPTCHA verification. Step 12: Click on 'Submit'. Upon successful submission, you will receive a 'Reference Number'. Post-Registration:Step 1: Access 'Registered Artist' and select 'Individual Fine Arts.' Step 2: Download your issued I-card. Application Process:Step 1: The interested applicant should visit (during office hours) the district office (Page No. 12) of the Assistant Director, Regional Cultural Centre and request a hard copy of the prescribed format of the application form from the staff exclusively entrusted to issue and collect filled-in applications. OR The interested applicant should take print of the prescribed format of the application form. Step 2: In the application form, fill in all the mandatory fields, paste the passport-sized photograph (signed across, if required), and attach copies of all the mandatory documents (self-attest, if required). Step 3: Submit the duly filled and signed application form along with the documents to the Assistant Director, Regional Cultural Centre. Step 4: Request a receipt or acknowledgment from the concerned authority to whom the application has been submitted. Ensure that the receipt contains essential details such as the date and time of submission, and a unique identification number (if applicable).",,https://artandculture.tn.gov.in/sites/default/files/forms_uploads/Award%20application_0.pdf,https://www.myscheme.gov.in/schemes/sogateakna
Q1118,What documents are needed for Scheme of Giving Awards to Eminent Artists - Kalai Sudarmani Award?,English,document_help,sogateaksa,Scheme of Giving Awards to Eminent Artists - Kalai Sudarmani Award,Art and Culture Department,Skills & Employment,Tamil_Nadu_scheme,"""Scheme of Giving Awards to Eminent Artists - Kalai Sudarmani Award"" by the Art and Culture Department, Government of Tamil Nadu aims to promote and preserve the culture of Tamil Nadu. The selected artists are awarded financial assistance ₹10,000/- and certificates of appreciation.",1. The applicant should be an artist. 1. The age of the applicant should be between 36 to 50 years.,"- Financial Assistance of ₹10,000/-. - Certificate of Appreciation. - A shawl worth ₹500/-. - 5 eminent artists are awarded every year.",3 Photographs. Bio-Data. Degree Certificate. Copy of Family Card or Voter ID Card. A copy of the School Replacement Certificate or a Bust Photograph should be attached (in case of absence of a School Replacement Certificate). Copy of Proof of Artistic Ability. Current Age Proof as per Family Card.,"[Offline] To Register on the Website:Step 1: Applicant visits the official website. Step 2: Click on 'Artist Registration' then 'Individual Fine Arts. Step 3: Fill in the mandatory fields such as Name and Mobile number. Step 4: Upon entering your mobile number, you will receive an OTP for verification. Verify your mobile number to proceed. Step 5: Establish a password and input the provided verification code (CAPTCHA). Step 6: Log in to your account upon successful verification. Artist Registration Procedure:Step 7: Return to 'Artist Registration' and choose 'Individual Fine Arts'. Step 8: Complete the 'Artist Individual Registration' form with the necessary details. Step 9: Upload the Artist's photo, relevant documents, and photos of artworks. Step 10: Optionally, provide the link to your YouTube channel if available. Step 11: Enter your bank details and complete the CAPTCHA verification. Step 12: Click on 'Submit'. Upon successful submission, you will receive a 'Reference Number'. Post-Registration:Step 1: Access 'Registered Artist' and select 'Individual Fine Arts.' Step 2: Download your issued I-card. Application Process:Step 1: The interested applicant should visit (during office hours) the district office (Page No. 12) of the Assistant Director, Regional Cultural Centre and request a hard copy of the prescribed format of the application form from the staff exclusively entrusted to issue and collect filled-in applications. OR The interested applicant should take print of the prescribed format of the application form. Step 2: In the application form, fill in all the mandatory fields, paste the passport-sized photograph (signed across, if required), and attach copies of all the mandatory documents (self-attest, if required). Step 3: Submit the duly filled and signed application form along with the documents to the Assistant Director, Regional Cultural Centre. Step 4: Request a receipt or acknowledgement from the concerned authority to whom the application has been submitted. Ensure that the receipt contains essential details such as the date and time of submission, and a unique identification number (if applicable).",,https://artandculture.tn.gov.in/sites/default/files/forms_uploads/Award%20application_0.pdf,https://www.myscheme.gov.in/schemes/sogateaksa
Q1125,What benefits are available under Scheme of Giving Awards to Eminent Artists - Kalai Valarmani Award?,English,benefit_query,sogateakva,Scheme of Giving Awards to Eminent Artists - Kalai Valarmani Award,Art and Culture Department,Skills & Employment,Tamil_Nadu_scheme,"""Scheme of Giving Awards to Eminent Artists - Kalai Valarmani Award"" by the Art and Culture Department, Government of Tamil Nadu aims to promote and preserve the culture of Tamil Nadu. The selected artists are awarded financial assistance ₹6,000/- and certificates of appreciation.",1. The applicant should be an artist. 1. The age of the applicant should be between 19 to 35 years.,"- Financial Assistance of ₹6,000/-. - Certificate of Appreciation. - A shawl worth ₹500/-. - 5 eminent artists are awarded every year.",3 Photographs. Bio-Data. Degree Certificate. Copy of Family Card or Voter ID Card. A copy of the School Replacement Certificate or a Bust Photograph should be attached (in case of absence of a School Replacement Certificate). Copy of Proof of Artistic Ability. Current Age Proof as per Family Card.,"[Offline] To Register on the Website:Step 1: Applicant visits the official website. Step 2: Click on 'Artist Registration' then 'Individual Fine Arts. Step 3: Fill in the mandatory fields such as Name and Mobile number. Step 4: Upon entering your mobile number, you will receive an OTP for verification. Verify your mobile number to proceed. Step 5: Establish a password and input the provided verification code (CAPTCHA). Step 6: Log in to your account upon successful verification. Artist Registration Procedure:Step 7: Return to 'Artist Registration' and choose 'Individual Fine Arts'. Step 8: Complete the 'Artist Individual Registration' form with the necessary details. Step 9: Upload the Artist's photo, relevant documents, and photos of artworks. Step 10: Optionally, provide the link to your YouTube channel if available. Step 11: Enter your bank details and complete the CAPTCHA verification. Step 12: Click on 'Submit'. Upon successful submission, you will receive a 'Reference Number'. Post-Registration:Step 1: Access 'Registered Artist' and select 'Individual Fine Arts.' Step 2: Download your issued I-card. Application Process:Step 1: The interested applicant should visit (during office hours) the district office (Page No. 12) of the Assistant Director, Regional Cultural Centre and request a hard copy of the prescribed format of the application form from the staff exclusively entrusted to issue and collect filled-in applications. OR The interested applicant should take print of the prescribed format of the application form. Step 2: In the application form, fill in all the mandatory fields, paste the passport-sized photograph (signed across, if required), and attach copies of all the mandatory documents (self-attest, if required). Step 3: Submit the duly filled and signed application form along with the documents to the Assistant Director, Regional Cultural Centre. Step 4: Request a receipt or acknowledgment from the concerned authority to whom the application has been submitted. Ensure that the receipt contains essential details such as the date and time of submission, and a unique identification number (if applicable).",,https://artandculture.tn.gov.in/sites/default/files/forms_uploads/Award%20application_0.pdf,https://www.myscheme.gov.in/schemes/sogateakva
Q1128,What documents are needed for Scheme of Grant-In-Aid for Conduct of Art Exhibitions: Group Shows?,English,document_help,sogiafcoae-gs,Scheme of Grant-In-Aid for Conduct of Art Exhibitions: Group Shows,Art and Culture Department,"Sports & Culture, Skills & Employment",Tamil_Nadu_scheme,"""Scheme of Grant-In-Aid for Conduct of Art Exhibitions: Group Shows"" was launched by the Art and Culture Dept, Govt of Tamil Nadu. The scheme encourages talented artists in the field of painting, and sculpture by granting a sum of ₹50,000/- to groups of five artists for conducting art exhibitions.",1. The applicant should be a group of artists. 1. The artists should be natives of Tamil Nadu by continuous residence for not less than 5 years. 1. The artists should have continuous involvement in their field of painting and sculpture. 1. The artists should possess an adequate number of artworks for the conduct of their show. 1. Participation in National or State level Art Exhibitions and Artists Camps will be considered as an additional qualification.,"Financial Assistance of ₹50,000/-.",Bio-Data of the Artists. Passport-sized Photographs of the Artists. Photographs of Artworks of the Artists. Copies of Press Cuttings (if any) published in Newspapers/Journals on their Artistic Talents.,"[Offline] Step 1: The interested applicant should visit (during office hours) the Oviya Nunkalai Kuzhu (Tamil Nadu Fine Arts Academy) and request the hard copy of the prescribed format of the application form from the concerned staff. Step 2: In the application form, fill in all the mandatory fields, and attach copies of all the mandatory documents (self-attest, if required). Step 3: Submit the duly filled and signed application form along with the documents either directly or by post to the Member Secretary, Tamil Nadu Oviya Nunkalai Kuzhu, Directorate of Art and Culture, Dr. D.G.S. Dinakaran Road, (Greenways Road) Chennai - 600 028 Step 4: Request a receipt or acknowledgement from the concerned authority to whom the application has been submitted. Ensure that the receipt contains essential details such as the date and time of submission, and a unique identification number (if applicable).",,https://www.tn.gov.in/rti/proactive/inftour/handbook_artculture.pdf,https://www.myscheme.gov.in/schemes/sogiafcoae-gs
Q1138,What documents are needed for Scheme of Personal Assistance Allowance to Differently Abled Persons with High Support Need?,English,document_help,sopaatdapwhsn,Scheme of Personal Assistance Allowance to Differently Abled Persons with High Support Need,Welfare of Differently Abled Persons Department,Social welfare & Empowerment,Tamil_Nadu_scheme,"The ""Scheme of Personal Assistance Allowance to Differently Abled Persons with High Support Need"" was launched by the Department for the Welfare of Differently Abled Persons, Govt. of Tamil Nadu. The scheme aims to provide a personal assistance allowance of ₹1,000 to differently abled person.",1. The applicant should be a differently abled person. 1. The differently abled person wants high support needs.,"Financial Assistance of ₹1,000/- per month. > **NOTE:** The amount sent through ECS directly to the beneficiary’s bank account.",Recommendation Certificate (issued from the High Support Need Assessment Board). Any Other Documents If Required.,"[Offline] Step 1: The interested applicant should visit (during office hours) the District Differently Abled Welfare Officer and request a hard copy of the prescribed format of the application form from the staff exclusively entrusted to issue and collect filled-in applications. Step 2: In the application form, fill in all the mandatory fields, and attach copies of all the mandatory documents (self-attest, if required). Step 3: Submit the duly filled and signed application form along with the documents to the District Differently Abled Welfare Officer. Step 4: Request a receipt or acknowledgment from the District Differently Abled Welfare Officer to whom the application has been submitted. Ensure that the receipt contains essential details such as the date and time of submission, and a unique identification number (if applicable).",,https://cms.tn.gov.in/sites/default/files/documents/wda_e_cc_2022_23.pdf,https://www.myscheme.gov.in/schemes/sopaatdapwhsn
Q1145,What benefits are available under Scheme to Award Scholarship to Young Artists?,English,benefit_query,stastya,Scheme to Award Scholarship to Young Artists,Art and Culture Department,Skills & Employment,Tamil_Nadu_scheme,"The ""Scheme to Award Scholarship to Young Artists"" was launched by the Art and Culture Department, Government of Tamil Nadu. The scheme aims to encourage the postgraduate and graduate students of the Government College of Fine Arts, Chennai & Kumbakonam by awarding scholarships every year.","1. The applicant should be a student. 1. The applicant should be studying in the final year of B.F.A. or M.F.A. 1. The applicant should be studying at the Government College of Fine Arts, Chennai or the Government College of Fine Arts, Kumbakonam.","**Government College of Fine Arts, Chennai** - Scholarship of ₹3,000/- to 10 outstanding students studying in final year B.F.A. (Bachelor of Fine Arts). - Scholarship of ₹5,000/- to 4 outstanding students studying in final year M.F.A. (Master of Fine Arts). **Government College of Fine Arts, Kumbakonam** - Scholarship of ₹3,000/- to 10 outstanding students studying in final year B.F.A. (Bachelor of Fine Arts). - Scholarship of ₹5,000/- to 2 outstanding students studying in final year M.F.A. (Master of Fine Arts).",Photographs of artworks created by the applicants.,"[Offline] Step 1: The interested applicant requests the hard copy of the prescribed format of the application form (By the Kuzhu) from the Principal of the Government College of Fine Arts, Chennai and Kumbakonam. Step 2: In the application form, fill in all the mandatory fields, and attach copies of all the mandatory documents (self-attest, if required). Step 3: Submit the duly filled and signed application form along with the documents to the Member Secretary, Tamil Nadu Oviya Nunkalai Kuzhu, Directorate of Art and Culture, Dr. D.G.S. Dinakaran Road, (Greenways Road) Chennai - 600 028. Step 4: Request a receipt or acknowledgement from the concerned authority to whom the application has been submitted. Ensure that the receipt contains essential details such as the date and time of submission, and a unique identification number (if applicable).",,https://www.tn.gov.in/rti/proactive/inftour/handbook_artculture.pdf,https://www.myscheme.gov.in/schemes/stastya
Q1146,இந்த Scholarship (Above VIII Standard) - Tamil Nadu பற்றி தகவல் வேண்டும்,Tamil,information_request,saviiisbwodap,Scholarship (Above VIII Standard) - Tamil Nadu,Welfare of Differently Abled Persons Department,"Education & Learning, Social welfare & Empowerment",Tamil_Nadu_scheme,"The 'Scholarship (Above VIII Standard) by Welfare of Differently Abled Persons' scheme was launched by the Department for the Welfare of Differently Abled Persons, Tamil Nadu. The scheme aims to provide scholarships to differently-abled students studying in government school/colleges/training centre","1. The beneficiary must be a student. 1. The beneficiary must be a differently abled person. 1. The beneficiary must be a student of the following courses: - 9th to 12th Standard. - Degree Courses. - Postgraduate, Medical, Engineering, Vocational, and Other Professional Courses. 1. The beneficiary must be differently abled, who are studying in government-recognized schools/colleges/training centers. 1. The beneficiary must have obtained not less than 40% of the marks in the previous qualifying examination.","Scholarships are provided as: - For students studying from 9th to 12th Standard: ₹4,000/- per annum. - For Degree Courses: ₹6,000/- per annum. - For Postgraduate, Medical, Engineering, Vocational, and Other Professional Courses: ₹7,000/- per annum.",Certificates from the head of the institution. National Identity Card of the Differently Abled. Statement of Marks (previous qualifying examination).,"[Offline] Step 1: The interested applicant should visit (during office hours) the District Differently Abled Welfare Officer and request a hard copy of the prescribed format of the application form from the staff exclusively entrusted to issue and collect filled-in applications. Step 2: In the application form, fill in all the mandatory fields, and attach copies of all the mandatory documents (self-attest, if required). Step 3: Submit the duly filled and signed application form along with the documents to the District Differently Abled Welfare Officer. Step 4: Request a receipt or acknowledgment from the District Differently Abled Welfare Officer to whom the application has been submitted. Ensure that the receipt contains essential details such as the date and time of submission, and a unique identification number (if applicable).",,https://cms.tn.gov.in/sites/default/files/documents/wda_e_cc_2022_23.pdf,https://www.myscheme.gov.in/schemes/saviiisbwodap
Q1158,What documents are needed for Scholarship To Son And Daughter Of Differently Abled Persons?,English,document_help,ssddap,Scholarship To Son And Daughter Of Differently Abled Persons,Welfare of Differently Abled Persons Department,Social welfare & Empowerment,Tamil_Nadu_scheme,"The ""Scholarship to Son and Daughter of Differently Abled Persons"" scheme in Tamil Nadu is a government initiative that aims to provide financial assistance to the children of differently abled individuals for their education.","1. Children of any Differently Abled persons holding the identity card issued by the welfare board for the Differently Abled. 1. This scholarship is applicable for students studying from Standard 11th to the Postgraduate level, which includes ITI/Polytechnic diploma courses and other higher education programs.","The scheme provides financial assistance in the form of scholarships to eligible students. The exact amount and duration of the scholarship may vary based on the level of education and the government&#39;s guidelines. Scholarships given to the Son/Daughter of persons with disabilities are as follows: 1. The daughter studying/Passing in 10th Standard will get Rs.1,000. 1. The Son who has passed in 10th Standard will get Rs.1,000. 1. The daughter studying 11th Standard will get Rs.1,000. 1. The daughter studying/Passed 12th Standard will get Rs.1,500. 1. The Son who has passed in 12th Standard will get Rs.1,500. 1. The Son/daughter doing the undergraduate course will get Rs.1,500 son/daughter doing the undergraduate course with the hostel facility will get Rs.1,750. 1. The Son/daughter doing the postgraduate course will get Rs.2,000 son/daughter doing the postgraduate course with hostel facility will get Rs.3,000. 1. The Son/daughter doing a professional degree course will get Rs.2,000 son/daughter doing a professional degree course with a hostel facility will get Rs.4,000. 1. The Son/daughter doing a professional Postgraduate course will get Rs.4,000 son/daughter doing professional 1. The postgraduate course with a hostel facility will get Rs.6,000. 1. I.T.I or Polytechnic will get Rs.1,000 and I.T.I or Polytechnic with hostel facility will get Rs.1,200.",Medical Certificate with National Disabled Identity Card and Disability Welfare Board registration details of Parent. Family Card. Aadhaar Card of the Disabled Person and Son/Daughter. Joint savings account bank book in the name of Student and Parent. Bonafide Certificate. Marksheets of the Previous Year. No Assistance Certificate in other field Eligibility: Son/Daughter of Differently-Abled Students who have passed 10th standard and are studying from 11th standard.,"[Offline] Step 1: Visit the official website of the Chennai district. Step 2: Click on the Departments. Select Differently Abled Welfare, after selecting click on Differently Abled Welfare Schemes. Step 3: You will land on the List of Scheme page of Differently Abled Welfare Schemes. Step 4: Scroll down to the section ""L. Tamilnadu differently abled welfare board schemes"". Step 5: Download the application form of the ""S.No. 4 Scholarship to son and daughter of differently-abled persons"". Note: The application is to be submitted District Differently Abled Welfare Officer.",,https://cdn.s3waas.gov.in/s313f3cf8c531952d72e5847c4183e6910/uploads/2021/06/2021060112.pdf,https://www.myscheme.gov.in/schemes/ssddap
Q1161,"இந்த Scholarships to Students Studying in Central Government Institution like IIT, IIM, IIIT, NIT and Central Universities பற்றி தகவல் வேண்டும்",Tamil,information_request,stss,"Scholarships to Students Studying in Central Government Institution like IIT, IIM, IIIT, NIT and Central Universities",Backward Classes Most Backward Classes and Minorities Welfare Department,Education & Learning,Tamil_Nadu_scheme,"The scholarship provides financial assistance to students from Tamil Nadu's BC, MBC, and DNC communities pursuing UG/PG courses at premier Central Government institutions like IITs, IIMs, IIITs, NITs, and Central Universities.","- The beneficiary should be a student. - The beneficiary should be a resident of Tamil Nadu. - The beneficiary should belong to the Backward Classes (BC)/ Most Backward Classes (MBC)/ Denotified Communities (DNC). - The beneficiary should be pursuing UG/PG courses in IIT/ IIM/ IIIT/ NIT and Central Universities. - The beneficiary&amp;#39;s parental annual income should not exceed ₹2,50,000/-.","- **Financial Assistance:** Financial support for tuition, exam fees, and other compulsory fees up to ₹2,00,000/- annually. &lt;br&gt;",Copy of recent photograph. Birth Certificate. Community Certificate. Nativity Certificate. Income Certificate obtained after 01.04.2023 from Revenue Authorities. Copy of Aadhaar. Marks obtained copy in Entrance exam to get admission to college. Admission order copy. Bonafide certificate from the Institution. Copy of Identity card from the Institution. Academic Certificate. First page of Bank Passbook clearly showing the Account Number and IFSC Code. Fees Paid receipt copies for the year 2023-24 (All the semesters for the year 2023-24). Note: All the enclosed copies should be self-attested.,"[Offline] The eligible and willing students are requested to fill out the application forms and submit the filled application to the institutions and send the filled application with the concurrence of the Principal of the Institution with all enclosures to the under-mentioned Directorate. Commissioner of Backward Classes Welfare,Ezhilagam Annex Building,2nd floor, Chepauk, Chennai-5.Phone: 044-28551462 E-mail: tngovtiitscholarship@gmail.com Download the Application form through the below-mentioned link: Fresh Application Form. Renewal Application Form.",,https://bcmbcmw.tn.gov.in/welfschemes.htm#incentive_scheme,https://www.myscheme.gov.in/schemes/stss
Q1168,"What documents are needed for Seed Multiplication Scheme of Paddy, Millets, Pulses, Oilseeds and Cotton?",English,document_help,smsopm,"Seed Multiplication Scheme of Paddy, Millets, Pulses, Oilseeds and Cotton",Agriculture Department,"Agriculture,Rural & Environment",Tamil_Nadu_scheme,"The “Seed Multiplication Scheme of Paddy, Millets, Pulses, Oilseeds, and Cotton” offers subsidies to farmers to produce seeds under contract with the Department of Agriculture.","- The beneficiary should be a Farmer. - The beneficiary should be a resident of Tamil Nadu. - The beneficiary should produce and supply seeds for the Department of Agriculture on a contract basis. - The seed Farms should be registered by the Seed Producer viz., the Assistant Director of Agriculture of the respective Blocks. - Field Run Produce has to satisfy the standards of physical/genetic purity, moisture levels and germination percentage as prescribed in the Certification standards.","- **Premium:** On seeds ranges from ₹1/- to ₹3/- per kg. - **Foundation Class Seeds:** The premium is between 7.5% to 30% over the Local Market Rate per kg, depending on the type of oil seed. - **For Certified Class Seeds:** The premium is between 5% to 20% over the Local Market Rate per kg, based on the specific oil seed. - **Training:** The farmer so desirous of enrolling himself/herself will be given a training by the authorities concerned at the beginning of each year","Proof of identity (Aadhar card, Voter ID). Land ownership documents or lease agreement. Proof of Seed production and supply to the Department of Agriculture on Contract basis. Seed Farm Registration Details. Certification Tag issued by the Department of Seed Certification. Caste Certificate (for SC/ST applicants). Any other documents (if required).","[Offline] Step 1: Collect the application form from the nearest Agricultural Office. Step 2: Fill out the application form with the required details and attach mandatory documents (self-attested, if required). Step 3: Submit the form to the concerned office: Village Level: Submit the application to the Assistant Agricultural Officer.Block Level: Submit to the Agricultural Officer or Deputy Agricultural Officer.District Level: Submit to the Joint Director of Agriculture.",,https://www.tn.gov.in/scheme/data_view/6843,https://www.myscheme.gov.in/schemes/smsopm
Q1174,Smart Phone for Hearing and Visually Impaired Persons ku eligibility enna?,Tanglish,eligibility_query,spfhavip,Smart Phone for Hearing and Visually Impaired Persons,Welfare of Differently Abled Persons Department,Social welfare & Empowerment,Tamil_Nadu_scheme,"The scheme 'Smart Phone for Hearing and Visually Impaired Persons' was launched by the Department for the Welfare of Differently Abled Persons, Government of Tamil Nadu. The scheme aims to distribute smart phone to needy visually impaired & hearing impaired students, unemployed youth, self-employed.",1. The beneficiary should be a visually impaired and hearing impaired person. 1. The beneficiary should be any one of the following: - Students in Higher Education (Undergraduate). - Unemployed Youth. - Self-Employed. - Women with Hearing Impairment/ Visual Impairment.,- Free distribution of smart phones.,National Identity Card of the Differently Abled Person. Hearing Impaired Certificate. Any Other Documents If Required.,"[Offline] Step 1: The interested applicant should visit (during office hours) the District Differently Abled Welfare Officer and request a hard copy of the prescribed format of the application form from the staff exclusively entrusted to issue and collect filled-in applications. Step 2: In the application form, fill in all the mandatory fields, and attach copies of all the mandatory documents (self-attest, if required). Step 3: Submit the duly filled and signed application form along with the documents to the District Differently Abled Welfare Officer. Step 4: Request a receipt or acknowledgment from the District Differently Abled Welfare Officer to whom the application has been submitted. Ensure that the receipt contains essential details such as the date and time of submission, and a unique identification number (if applicable).",,https://cms.tn.gov.in/sites/default/files/documents/wda_e_cc_2022_23.pdf,https://www.myscheme.gov.in/schemes/spfhavip
Q1178,What documents are needed for Special Education - Tamil Nadu?,English,document_help,sebwodap,Special Education - Tamil Nadu,Welfare of Differently Abled Persons Department,"Education & Learning, Social welfare & Empowerment, Skills & Employment",Tamil_Nadu_scheme,"The scheme 'Special Education by Welfare of Differently Abled Persons' was launched by the Department for the Welfare of Differently Abled Persons, Government of Tamil Nadu. The scheme aims to provide free special education, & vocational training to the visually impaired, hearing-impaired person.","1. The child should be a visually impaired, hearing impaired, intellectual disability, and locomotor differently abled person. 1. A child&#39;s age should be 5 years and above.","- Free special education, vocational training, boarding and lodging. - Every year four sets of uniforms and textbooks are given free of cost.",National Identity Card of the Differently Abled Person. Birth Certificate.,"[Offline] Step 1: The interested applicant should visit (during office hours) the Head Masters/Principals of special schools and request a hard copy of the prescribed format of the application form from the staff exclusively entrusted to issue and collect filled-in applications. Step 2: In the application form, fill in all the mandatory fields, and attach copies of all the mandatory documents (self-attest, if required). Step 3: Submit the duly filled and signed application form along with the documents to the District Differently Abled Welfare Officer/Head Master of the Government special school for the differently abled concerned. Step 4: Request a receipt or acknowledgment from the District Differently Abled Welfare Officer to whom the application has been submitted. Ensure that the receipt contains essential details such as the date and time of submission, and a unique identification number (if applicable).",,https://cms.tn.gov.in/sites/default/files/documents/wda_e_cc_2022_23.pdf,https://www.myscheme.gov.in/schemes/sebwodap
Q1181,இந்த Subsidy for Asset Creation for Intellectual Property: Patent Registration பற்றி தகவல் வேண்டும்,Tamil,information_request,sfacfippr,Subsidy for Asset Creation for Intellectual Property: Patent Registration,Micro Small and Medium Enterprises Department,Business & Entrepreneurship,Tamil_Nadu_scheme,"The scheme ""Subsidy for Asset Creation for Intellectual Property: Patent Registration"" by the Micro Small and Medium Enterprises Department, Government of Tamil Nadu, is introduced to incentivize MSMEs to innovate and create intellectual property in India and Abroad as a differentiator.","All new and existing micro, small, and medium manufacturing enterprises located anywhere in Tamil Nadu.","75% subsidy on the cost of filing of the application for Patent Registration including the cost of the first-time maintenance fee of the granted application, subject to a maximum of ₹ 3,00,000 per Patent registered.","Copy of UDYAM Registration Certificate. Copy of Products Registered under Trade Mark Registration as per Trade Marks Act 1999 ""TM Act"". Copy of Patent Registered and Issued by the Competitive Authority as per Indian Patent Act 1970. Copy of the Registered Goods under the Geographical Indication of Goods Registration and Protection Act, 1999. Self-Certified Statement on Expenditure Incurred for Obtaining Geographical Registration with a Copy of the Bills/Vouchers and Receipt, etc. In Case of Non-Availability of Receipts, the Bank Scroll That Shows the Payment Details. Copy of Loan Sanction Letter, if Availed, for Obtaining the Registration Purpose from Bank/Financial Institutions. Copy of Invoices and Receipts for the Payment Made. Advance Stamped Receipt. *The file type should be PDF (.pdf). The file size should be less than 200 kb.","[Online] Step 1: RegistrationVisit the Official Website/Portal of the Micro, Small, and Medium Enterprises Department of the Government of Tamil Nadu. In the top ribbon, click ""Login / Registration"". In the registration form, fill in the mandatory details accurately, Name, Date of Birth, Aadhaar Number, Email ID, and Mobile Number. Create a new password. The password must contain a minimum of 8 characters, 1 Upper Case Letter, 1 Lower Case Letter, and 1 Numeric Field. Fill in the captcha code, and click ""Register"". Step 2: LoginVisit the Login Page and click ""Login"", and then fill in the credentials received on your registered Email ID and the registered Mobile Number. Step 3: Form FillingAfter successfully logging in, hover over ""Schemes"" in the top ribbon, and then click on the concerned scheme from the dropdown. On the next page, hover over ""Apply Online"" in the top ribbon, and then click on ""New Application"" from the dropdown. Fill in all the mandatory fields of the Application Form. Carefully review all the information provided, acknowledge and agree to the terms and conditions, declaration, and privacy policy, and then click ""Proceed"". Note down the reference number appearing on the screen and then click ""Close"". Step 4: Upload DocumentsNow, hover over ""Schemes"" in the top ribbon, and then click ""Upload Documents"" from the dropdown. On the next page, provide the Application ID and click ""Submit"". On the next page, upload all the mandatory documents in the specified format and size. After uploading the documents, click ""View"" to verify the documents uploaded for correctness. Step 5: SubmissionFill in all the checkboxes appearing at the bottom of the screen and then click ""Submit Application"". The message regarding the submission of the online application to GM/DIC / RJD will be received on your mobile phone. (Optional) Step 6: Track Application Status You can check the status of your application here. The portal may provide updates via email or SMS regarding your application status. Time Limit for Filing ApplicationWithin 6 months from the date of obtaining Patent/Trade Mark Registration/Geographical Indications (GI).",,https://www.msmeonline.tn.gov.in/incentives/patent_trade.php,https://www.myscheme.gov.in/schemes/sfacfippr
Q1189,Subsidy for Asset Creation for Intellectual Property: Subsidy on the Cost of Trade Mark Registration or Geographical Indications (GI) in India or Abroad ku eligibility enna?,Tanglish,eligibility_query,sacipsctmrgiia,Subsidy for Asset Creation for Intellectual Property: Subsidy on the Cost of Trade Mark Registration or Geographical Indications (GI) in India or Abroad,Micro Small and Medium Enterprises Department,Business & Entrepreneurship,Tamil_Nadu_scheme,"The scheme ""Subsidy for Asset Creation for Intellectual Property: Subsidy on the Cost of Trade Mark Registration or Geographical Indications (GI) in India or Abroad"" is introduced to incentivize MSMEs to innovate and create intellectual property in India and Abroad as a differentiator.","All new and existing micro, small and medium manufacturing enterprises including clusters located anywhere in Tamil Nadu.","50% subsidy on the cost of applying for Trade Mark Registration including the cost of the first-time maintenance fee of the granted application, subject to a maximum of ₹ 25, 000/- per Trade Mark or Geographical Indications registered.","Copy of UDYAM Registration Certificate. Copy of Products Registered under Trade Mark Registration as per Trade Marks Act 1999 ""TM Act"". Copy of Patent Registered and Issued by the Competitive Authority as per Indian Patent Act 1970. Copy of the Registered Goods under the Geographical Indication of Goods Registration and Protection Act, 1999. Self-Certified Statement on Expenditure Incurred for Obtaining Geographical Registration with a Copy of the Bills/Vouchers and Receipt, etc. In Case of Non-Availability of Receipts, the Bank Scroll That Shows the Payment Details. Copy of Loan Sanction Letter, if Availed, for Obtaining the Registration Purpose from Bank/Financial Institutions. Copy of Invoices and Receipts for the Payment Made. Advance Stamped Receipt. *The file type should be PDF (.pdf). The file size should be less than 200 kb.","[Online] Step 1: RegistrationVisit the Official Website/Portal of the Micro, Small, and Medium Enterprises Department of the Government of Tamil Nadu. In the top ribbon, click ""Login / Registration"". In the registration form, fill in the mandatory details accurately, Name, Date of Birth, Aadhaar Number, Email ID, and Mobile Number. Create a new password. The password must contain a minimum of 8 characters, 1 Upper Case Letter, 1 Lower Case Letter, and 1 Numeric Field. Fill in the captcha code, and click ""Register"". Step 2: LoginVisit the Login Page and click ""Login"", and then fill in the credentials received on your registered Email ID and the registered Mobile Number. Step 3: Form FillingAfter successfully logging in, hover over ""Schemes"" in the top ribbon, and then click on the concerned scheme from the dropdown. On the next page, hover over ""Apply Online"" in the top ribbon, and then click on ""New Application"" from the dropdown. Fill in all the mandatory fields of the Application Form. Carefully review all the information provided, acknowledge and agree to the terms and conditions, declaration, and privacy policy, and then click ""Proceed"". Note down the reference number appearing on the screen and then click ""Close"". Step 4: Upload DocumentsNow, hover over ""Schemes"" in the top ribbon, and then click ""Upload Documents"" from the dropdown. On the next page, provide the Application ID and click ""Submit"". On the next page, upload all the mandatory documents in the specified format and size. After uploading the documents, click ""View"" to verify the documents uploaded for correctness. Step 5: SubmissionFill in all the checkboxes appearing at the bottom of the screen and then click ""Submit Application"". The message regarding the submission of the online application to GM/DIC / RJD will be received on your mobile phone. (Optional) Step 6: Track Application Status You can check the status of your application here. The portal may provide updates via email or SMS regarding your application status. Time Limit for Filing ApplicationWithin 3 months after the completion of the financial year for the claim of the previous year.",,https://www.msmeonline.tn.gov.in/incentives/patent_trade.php,https://www.myscheme.gov.in/schemes/sacipsctmrgiia
Q1193,What documents are needed for Subsidy for Fund Raising from SME Exchange?,English,document_help,sffrfse,Subsidy for Fund Raising from SME Exchange,Micro Small and Medium Enterprises Department,Business & Entrepreneurship,Tamil_Nadu_scheme,"The scheme ""Subsidy for Fund Raising from SME Exchange"" by the Micro Small and Medium Enterprises Department, Government of Tamil Nadu, is introduced with the objective to facilitate high growth potential SMEs in the State to raise equity capital through SME Exchange utilizing IPOs.","- All new Micro and Small enterprises set up in declared 254 industrially backward blocks are eligible - The applicant should be qualified for listing, in line with the norms prescribed by the National Stock Exchange/ Bombay Stock Exchange. - Only Merchant Banker Fees, Due Diligence Fees, Registrar and Transfer Agent Fees, Peer Review Auditor Fees, Exchange Fees, and Listing Charges Are Eligible for Reimbursement. <br> Know Your Eligibility for this scheme [here](https://www.msmeonline.tn.gov.in/incentives/know_your_eligibility.php)","Assistance with a maximum of ₹ 30,00,000, subject to 50% of the total expenditure incurred on SME IPO.","Copy of UDYAM Registration Certificate. Attested Copy of Tangedco Meter Card. if the Enterprise is Functioning in Its Own Land: Copy of the Land Purchase Deed, Duly Signed by the Applicant. if the Enterprise is Functioning in a Leased Land/building: Copy of the Lease Agreement Deed Executed in Stamp Paper of ₹ 100/-, for a Minimum Period of 11 Months From the Date of Commencement of Commercial Production. Copy of Machinery Invoice. Copy of First Sale Invoice Raised After the Commencement of Commercial Production. Copy of Sme Exchange Registration. Copy of Proof of Listing in Exchange. Proof of Details of Expenditure Incurred for Listing in Exchange [certified by Chartered Accountant]. *The file type should be PDF (.pdf). The file size should be less than 200 kb.","[Online] Step 1: RegistrationVisit the Official Website/Portal of the Micro, Small, and Medium Enterprises Department of the Government of Tamil Nadu. In the top ribbon, click ""Login / Registration"". In the registration form, fill in the mandatory details accurately, Name, Date of Birth, Aadhaar Number, Email ID, and Mobile Number. Create a new password. The password must contain a minimum of 8 characters, 1 Upper Case Letter, 1 Lower Case Letter, and 1 Numeric Field. Fill in the captcha code, and click ""Register"". Step 2: LoginVisit the Login Page and click ""Login"", and then fill in the credentials received on your registered Email ID and the registered Mobile Number. Step 3: Form FillingAfter successfully logging in, hover over ""Schemes"" in the top ribbon, and then click on the concerned scheme from the dropdown. On the next page, hover over ""Apply Online"" in the top ribbon, and then click on ""New Application"" from the dropdown. Fill in all the mandatory fields of the Application Form. Carefully review all the information provided, acknowledge and agree to the terms and conditions, declaration, and privacy policy, and then click ""Proceed"". Note down the reference number appearing on the screen and then click ""Close"". Step 4: Upload DocumentsNow, hover over ""Schemes"" in the top ribbon, and then click ""Upload Documents"" from the dropdown. On the next page, provide the Application ID and click ""Submit"". On the next page, upload all the mandatory documents in the specified format and size. After uploading the documents, click ""View"" to verify the documents uploaded for correctness. Step 5: SubmissionFill in all the checkboxes appearing at the bottom of the screen and then click ""Submit Application"". The message regarding the submission of the online application to GM/DIC / RJD will be received on your mobile phone. (Optional) Step 6: Track Application Status You can check the status of your application here. The portal may provide updates via email or SMS regarding your application status. Time Limit for Filing ApplicationWithin 6 months from the date of listing on the SME Exchange.",,https://www.msmeonline.tn.gov.in/incentives/sme_exc.php,https://www.myscheme.gov.in/schemes/sffrfse
Q1196,இந்த Tamil Nadu Chief Minister's Fellowship Programme பற்றி தகவல் வேண்டும்,Tamil,information_request,tncmfp,Tamil Nadu Chief Minister's Fellowship Programme,Special Programme Implementation Department,Education & Learning,Tamil_Nadu_scheme,The Government of Tamil Nadu has introduced the two-year “Tamil Nadu Chief Minister’s Fellowship Programme (TNCMFP)” to harness the energy and talent of young professionals to optimize the governance processes and enhance the service delivery of various programme and policies in Tamil Nadu.,"1. A candidate must hold a first-class in Bachelor’s degree in respect of Professional Courses (Engineering, Medicine, Law, Agriculture, Veterinary Science) or a first-class in Master&amp;#39;s degree in Arts/Science from any of the Universities incorporated by an Act of the Central or State Legislature in India or other educational institutions established by an Act of Parliament or declared to be deemed as a University under Section 3 of the University Grants Commission Act, 1956 or possess an equivalent qualification. 1. Working knowledge of Tamil is mandatory for the candidate. 1. Age Limit: The applicant’s age shall be between 22-30 years as on 25.05.2022. For candidates belonging to the SC/ST category, the maximum age limit shall be 35 years, and for candidates belonging to the BC/MBC category, it shall be 33 years. **Note 01:** Candidates with a Ph.D. degree will be preferred. **Note 02:** Work experience will be an added advantage. **Note 03:** Strong emphasis will be given to research experience.","1. Under this fellowship programme, a monthly stipend of ₹65,000/- and an additional allowance of ₹10,000/- to meet their incidental expenses in performing their assigned work, such as travel, mobile phone, data usage, etc. **Note:** No additional financial assistance will be provided.","1. Identity Proof 2. Passport size photograph 3. Proof of age 4. Educational qualification certificates 5. Caste Certificate 6. Proof of residence 7. Any other document, as required","[Online] Application Process:Step 01: The online applications can be accessed through the web portal www.tn.gov.in/tncmfp or www.bim.edu/tncmfp. Step 02: The applicant needs to visit the official website and fill in the application form completely. Note 01: The last date for receiving the online applications is 10th June 2022. Note 02: There is no application fee for the fellowship selection process. Note 03: Only online mode of submission of applications will be accepted. Selection Process:The selection process includes three stages as follows: Stage 1: Preliminary Assessment (Computer-based Test) Stage 2: Comprehensive Examination (Written Examination) Stage 3: Personal Interview 1. The Preliminary Assessment will be a computer-based test (CBT) of objective type (multiple-choice questions) carrying a maximum of 150 points. There will be three sections in the CBT: (i) General Awareness (to test a candidate’s General Knowledge including current affairs) (ii) Quantitative Aptitude (to assess basic math skills, such as algebra, numbers, geometry, statistics, and data interpretation at the level of tenth grade) (iii) Verbal Comprehension and Logical Reasoning (to assess a candidate's comprehension and communication skills, analytical ability, decision-making and problem-solving skills, and general mental ability) The sole purpose of this exam is to serve as a screening test and will not be counted for the final selection of Fellows. There will be negative marks for incorrect answers (-0.33 points for every incorrect answer). The test centers will be in major cities in Tamil Nadu and at Cochin, Bengaluru, Delhi, Mumbai, Hyderabad, Kolkata, and Vishakapatnam. The availability of test centers is subject to change. 2. Comprehensive Examination is a written examination. The questions are of conventional essay type. Questions will focus on General Topics Including Governance, Social Justice, Technology, Economic and Social Development, Sustainable Development, Poverty, Demographics, Environment, Biodiversity, Climate Change, Agriculture, Disaster Management, Schemes and Policies of the Government of Tamil Nadu, and Tamil Heritage and Culture. The test centre will be at Chennai. Candidates will be shortlisted for the Personal Interview based on their performance in the Comprehensive Examination. 3. Personal Interview will be conducted to test the candidate’s intellectual and emotional quotient, knowledge of current affairs, and ability of systemic thinking. Testing of working knowledge of Tamil will be a part of this phase of the selection process. The personal interview will be conducted in Chennai only. Note: The final merit list will be based on the combined score from the candidate's Comprehensive Examination and Personal Interview.",,https://www.tn.gov.in/tncmfp/notification.pdf,https://www.myscheme.gov.in/schemes/tncmfp
Q1205,What benefits are available under Team Production Award?,English,benefit_query,tpa,Team Production Award,"Handlooms, Handicrafts, Textiles and Khadi Department","Skills & Employment, Sports & Culture",Tamil_Nadu_scheme,"The ""Team Production Award"" scheme was launched by the Handlooms, Handicrafts, Textiles, & Khadi Department, Government of Tamil Nadu. This award is being given to artisans for handicraft items to be made by a team. This award will be given to 3 groups every year with a cash prize etc.....",1. The group should be from Tamil Nadu. 1. The group applying for a group production award must have more than two artisans as members. 1. The group should be Tamil Nadu manufacturers of handicrafts. 1. The craft submitted for this award should be produced by the group.,"- Cash Prize of ₹40,000/-. - 4 gm Gold Medal. - One Thamirapattiram. - Certificate.","Passport-size photograph of Members. Address Proof of Members. Aadhaar Card of Members. Front Page of Passbook of Members. Photograph of the item. Exhibitions Photograph (if any members of the group attended exhibitions). Affidavit Joint Group Undertaking on Stamp Paper ₹20. Recommendation Certificate, attested by any of the Managers of Poombucar Outlets and Manufacturing Plants / the respective Area Assistant Directors (Handicrafts / Craft Council (Tamil Nadu/India/World) under the Office of the Development Commissioner, New Delhi.","[Offline] Advertisements are released in June every year. Step 1: The interested applicant should take print of the prescribed format of the application form. Step 2: In the application form, fill in all the mandatory fields, paste the passport-sized photograph (signed across, if required), and attach copies of all the mandatory documents (self-attest, if required). Step 3: Submit the duly filled and signed application form along with the documents (during office hours) to the Head Office only through Poompucar Sales and Manufacturing Plant Managers. Step 4: Request a receipt or acknowledgment from the concerned authority to whom the application has been submitted. Ensure that the receipt contains essential details such as the date and time of submission, and a unique identification number (if applicable). NOTE: In this application, each member should mention his name and member's work in the production separately.",,https://poompuhar.com/tnhdc/downloads/16785206091258299061.pdf,https://www.myscheme.gov.in/schemes/tpa
Q1209,Training of Farmers on Pulses Production Technologies ku eligibility enna?,Tanglish,eligibility_query,tfppt,Training of Farmers on Pulses Production Technologies,Agriculture Department,"Agriculture,Rural & Environment",Tamil_Nadu_scheme,The “Training of Farmers on Pulses Production Technologies” scheme aims to educate farmers on advanced pulses production technologies to enhance crop yield.,- The beneficiary should be a Farmer. - The beneficiary should be a resident of Tamil Nadu. - The beneficiary should raise seed farms with Pulses crop. <br>,"- **Financial Assistance:** ₹15,000/- per batch for 50 farmers.- **Training Program:** Training on advanced pulse production techniques.","Proof of identity (Aadhar card, Voter ID). Land ownership documents or lease agreement. Proof of cultivation of pulses. Caste Certificate (for SC/ST applicants). Any other documents (if required).","[Offline] Step 1: Collect the application form from the nearest Agricultural Office. Step 2: Fill out the application form with the required details and attach mandatory documents (self-attested, if required). Step 3: Submit the form to the concerned office: Village Level: Submit the application to the Assistant Agricultural Officer.Block Level: Submit to the Agricultural Officer or Deputy Agricultural Officer.District Level: Submit to the Joint Director of Agriculture.",,https://www.tn.gov.in/scheme/data_view/7068,https://www.myscheme.gov.in/schemes/tfppt
Q1213,What documents are needed for Training to Farmers?,English,document_help,ttf,Training to Farmers,Agriculture Department,"Agriculture,Rural & Environment",Tamil_Nadu_scheme,"The scheme “Training to Farmers” provides training to maize farmers across various districts, aiming to enhance farming practices and increase productivity.","- The beneficiary should be a Farmer. - The beneficiary should be a resident of any of the following districts of Tamil Nadu: Coimbatore, Dindigul, Erode, Dharmapuri, Krishnagiri, Namakkal, Perambalur, Virudhunagar, Theni, Villupuram, Vellore, Salem, Pudukkottai, Madurai, Sivagangai, Trichy, Tirunelveli, and Thoothukudi. - The beneficiary should grow maize.","- Financial Assistance: ₹300/- for attending a two-day training session. - Training Program: Training covers modern maize cultivation techniques, improving crop yield and reducing input costs.","Proof of identity (Aadhar card, Voter ID). Land ownership documents or lease agreement. Caste Certificate (for SC/ST applicants). Any other documents (if required).","[Offline] Step 1: Collect the application form from the nearest Agricultural Office. Step 2: Fill out the application form with the required details and attach mandatory documents (self-attested, if required). Step 3: Submit the form to the concerned office: Village Level: Submit the application to the Assistant Agricultural Officer.Block Level: Submit to the Agricultural Officer or Deputy Agricultural Officer.District Level: Submit to the Joint Director of Agriculture.",,https://www.tn.gov.in/scheme/data_view/6857,https://www.myscheme.gov.in/schemes/ttf
Q1221,இந்த Tricycles - Tamil Nadu பற்றி தகவல் வேண்டும்,Tamil,information_request,tbwodap,Tricycles - Tamil Nadu,Welfare of Differently Abled Persons Department,Social welfare & Empowerment,Tamil_Nadu_scheme,"The Department launched the 'Tricycles by Welfare of Differently Abled Persons' scheme for the Welfare of Differently Abled Persons, Govt. of Tamil Nadu. The scheme aims to distribute tricycles to deserving orthopedically differently abled persons affected by both lower limbs for their easy mobility",1. The applicant should be affected by both lower limbs and upper limbs should be normal. 1. The applicant should be a resident of the district/area of Tamil Nadu. 1. The applicant&#39;s age should be 12 years or above.,- **Free distribution of tricycles.**,National Identity Card of the Differently Abled Person. Any Other Documents If Required.,"[Offline] Step 1: The interested applicant should visit (during office hours) the District Differently Abled Welfare Officer and request a hard copy of the prescribed format of the application form from the staff exclusively entrusted to issue and collect filled-in applications. Step 2: In the application form, fill in all the mandatory fields, and attach copies of all the mandatory documents (self-attest, if required). Step 3: Submit the duly filled and signed application form along with the documents to the District Differently Abled Welfare Officer. Step 4: Request a receipt or acknowledgment from the District Differently Abled Welfare Officer to whom the application has been submitted. Ensure that the receipt contains essential details such as the date and time of submission, and a unique identification number (if applicable).",,https://cms.tn.gov.in/sites/default/files/documents/wda_e_cc_2022_23.pdf,https://www.myscheme.gov.in/schemes/tbwodap
Q1226,இந்த Unemployed Youth Employment Generation Programme பற்றி தகவல் வேண்டும்,Tamil,information_request,uyegp,Unemployed Youth Employment Generation Programme,Micro Small and Medium Enterprises Department,Business & Entrepreneurship,Tamil_Nadu_scheme,"The Micro, Small and Medium Enterprises Department, Government of Tamil Nadu introduced the scheme ""Unemployed Youth Employment Generation Programme (UYEGP)"" which aims to mitigate the unemployment problems of socially and economically weaker sections of the society.","1. The applicant should be a permanent resident of Tamil Nadu. 2. The applicant should be a minimum of 18 years of age; and (a) **for the General category:** maximum of 35 years of age. (b) **for Special category (SC/ ST/MBC/ BC/ Minorities/ Ex-Servicemen/ Differently abled/ Transgender):** maximum of 45 years of age. 3. The applicant should have passed the 8th standard. 4. The family income of the applicant should not exceed ₹5 lakhs per annum. 5. The applicant&amp;#39;s contribution should be 10% of the project cost for the General category; or 5% for the Special category. 6. Entrepreneurship Development Programme (EDP) training is mandatory. 7. Project cost should not be more than ₹15 lakhs for manufacturing, and ₹5 lakhs for Trading / Service projects.","1. Under the scheme, subsidy assistance will be provided by the State Government up to 25% of the project cost (Maximum to a limit of ₹2.50 Lakhs) for setting up Manufacturing/ Service / Business enterprises.","Identity proof i.e. copy of Election ID Card/ Aadhaar card etc. Copy of PAN Card Passport size photo Income Certificate Educational Qualification proof- Transfer certificate/ Record Sheet issued by School/College.(Two Copies) Proof of age Caste/Community Certificate Ration Card (In case of applicants who don't possess a valid Ration Card, a Nativity certificate from the Thasildhar/ Aadhar card xerox / Election voters identity card Xerox) Project Report Valid Quotations with GST number Valid certificate for Ex-Serviceman /Differently abled /Transgender Bank account details Affidavit - For reference to the candidate which should be typed in a ₹20/- Non-Judicial Stamp Paper duly Certified and Signed by the Notary Public and then submitted along with a copy of the Rental/Lease Agreement to the bank while sanctioning the loan.","[Online] Application Processes: Step 01: The applicant willing to avail loan under the UYEGP scheme should fill up the online application through the Official Website of the Micro, Small and Medium Enterprises Department, Government of Tamil Nadu. Step 02: On the home page, click on “Apply Online” and then “New Application”. Step 03: Click on ‘Register’ and fill in the details like Name, Date of Birth, Email ID, Aadhaar Number & Mobile Number. Step 04: After successful registration, click on ‘login’ and fill in all the mandatory details. Step 05: Upload all the necessary documents and submit the application form. Post-Application Process: Step 01: Verification of eligibility of online submitted application by District Industries Centre (DIC). Step 02: The applicant will receive a call letter for attending the interview and participating in the interview. Step 03: Recommendation of loan application to bank and sanctions of loan to be accorded by the bank. Step 04: Receiving the call letter for attending Entrepreneurship Development Programme (EDP) training and attending EDP training. Step 05: After receiving the EDP completion certificate and the applicant needs to submit it with other documents as required by the bank to the bank. Step 06: Loan disbursement by banks and filing of subsidy claim by the bank with DIC. Step 07: The subsidy amount will be disbursed by DIC and deposit subsidy amount under TDR for 3 years. After the completion of 3 years, the subsidy will be adjusted in the loan amount. Procedure for Online Filling of Application Dos and Don’ts",,https://msmeonline.tn.gov.in/uyegp/uyegp_desc.php,https://www.myscheme.gov.in/schemes/uyegp
Q1236,இந்த Unemployment Assistance Scheme - Tamil Nadu பற்றி தகவல் வேண்டும்,Tamil,information_request,ueastn,Unemployment Assistance Scheme - Tamil Nadu,Department of Employment and Training,Skills & Employment,Tamil_Nadu_scheme,"In 2006, Tamil Nadu Government started Unemployment Assistance Scheme for the welfare of unemployed youth of the state.","- **General Candidate** - Resident of Tamil Nadu. - Family Annual Income should not be more than Rs. 72,000/- per annum. - Maximum Age Limit :- - 40 Years for General Candidate. - 45 Years for Schedule Caste/Tribe Candidate. - Should be registered in Employment Exchange for 5 years or more. - Should not be a regular student of any school or college. - Should not be in any type of employment. - **Differently Abled Candidates** - Resident of Tamil Nadu. - Should have Physical Disability. - Should be registered in Employment Exchange for 1 year or more. - No Maximum Age or Income Limit. - Should not be in any type of employment. - Should not be a regular student of any school or college.","<br> **Candidate Type****Qualification****Amount of Assistance (Per Month)**General CandidateSSLC/10th Failed (Secondary School Leaving Certificate).Rs. 200/-General CandidateSSLC/10th Passed (Secondary School Leaving Certificate).Rs. 300/-General CandidateHSC /12th(Higher Secondary Certificate).Rs. 400/-General CandidateGraduationRs. 600/-Differently Abled CandidatesIlliterate to SSLC/10th (Secondary School Leaving Certificate).Rs. 600/-Differently Abled CandidatesHSC/12th (Higher Secondary certificate).Rs. 750/-Differently Abled CandidatesGraduationRs. 1,000/-<br>",Any one of the Identification Proof :- Aadhar Card/ Pan Card/ Voter ID/ Passport/Driving License/ Ration Card. Domicile of Tamil Nadu. Passport Size Photo. Email ID. Mobile Number. Bank Account Details. Caste Certificate. Self Affidavit. Medical Certificate. (For Disability Proof). Qualification Documents. (If Literate).,[Offline] Step-1: The Applicant can obtain the Application Form from the Employment Exchange Center of his district. or can download the from here. Step-2: Fill out the application in prescribe manner. Step-3: Attach required documents Step-4: The Applicant have to submit the Application Form and the attached documents to the Employment Exchange Center of his district. [Online] Step-1: Applicant have to visit the official website Step-2: Click on login and select Government/Public Sector or Private Sector. Step-3: Select registration/create new account option. Step-4: Fill out the required details. Step-5: Attach required documents. Step-6: Submit.,,https://tnvelaivaaippu.gov.in/download.html,https://www.myscheme.gov.in/schemes/ueastn
Q1247,Visit of Contract Farming Farmers to the Research Stations in Karnataka epdi apply panradhu?,Tanglish,application_help,vcfrsk,Visit of Contract Farming Farmers to the Research Stations in Karnataka,Agriculture Department,"Agriculture,Rural & Environment",Tamil_Nadu_scheme,The scheme “Visit of Contract Farming Farmers to the Research Stations in Karnataka” facilitates visits for contract farming farmers to research stations across Karnataka to gain agricultural knowledge. Financial support is provided for a 3-day visit.,- The beneficiary should be a Farmer. - The beneficiary should be a resident of Tamil Nadu.,"- **Financial Assistance:** ₹1,12,500/- per batch of 50 farmers for 3 days.- **Learning Program:** Exposure to the latest agricultural research and innovations.","Proof of identity (Aadhar card, Voter ID). Land ownership documents or lease agreement. Caste Certificate (for SC/ST applicants). Any other documents (if required).","[Offline] Step 1: Collect the application form from the nearest Agricultural Office. Step 2: Fill out the application form with the required details and attach mandatory documents (self-attested, if required). Step 3: Submit the form to the concerned office: Village Level: Submit the application to the Assistant Agricultural Officer.Block Level: Submit to the Agricultural Officer or Deputy Agricultural Officer.District Level: Submit to the Joint Director of Agriculture.",,https://www.tn.gov.in/scheme/data_view/6858,https://www.myscheme.gov.in/schemes/vcfrsk
Q1251,இந்த Walking Device - Tamil Nadu பற்றி தகவல் வேண்டும்,Tamil,information_request,wdbwodapd,Walking Device - Tamil Nadu,Welfare of Differently Abled Persons Department,Social welfare & Empowerment,Tamil_Nadu_scheme,"The 'Walking Device by Welfare of Differently Abled Persons Department' scheme was launched by the Department for the Welfare of Differently Abled Persons, Govt. of Tamil Nadu. The scheme aims to provide a rollator/walker to orthopedically differently abled children having difficulties in walking.",1. The child should be orthopedically person. 1. The child is having difficulty walking.,- **Free distribution of walking devices.**,National Identity Card of the Differently Abled Person.,"[Offline] Step 1: The interested applicant should visit (during office hours) the District Differently Abled Welfare Officer and request a hard copy of the prescribed format of the application form from the staff exclusively entrusted to issue and collect filled-in applications. Step 2: In the application form, fill in all the mandatory fields, and attach copies of all the mandatory documents (self-attest, if required). Step 3: Submit the duly filled and signed application form along with the documents to the District Differently Abled Welfare Officer. Step 4: Request a receipt or acknowledgment from the District Differently Abled Welfare Officer to whom the application has been submitted. Ensure that the receipt contains essential details such as the date and time of submission, and a unique identification number (if applicable).",,https://cms.tn.gov.in/sites/default/files/documents/wda_e_cc_2022_23.pdf,https://www.myscheme.gov.in/schemes/wdbwodapd
Q1257,Zero Ticket Bus Travel Scheme for Women epdi apply panradhu?,Tanglish,application_help,tnztbtsfw,Zero Ticket Bus Travel Scheme for Women,Department of Social Welfare and Women Empowerment,Transport & Infrastructure,Tamil_Nadu_scheme,"The scheme aims to provide to eligible women/ transgender beneficiaries of Tamil Nadu under the Zero Ticket Bus Travel Scheme for Women, Free of Cost Travel in Government of Tamil Nadu Buses. No Need to Pay any Fare up to 30 Kilometers.",- Only women will be eligible. - Women should be permanent Residents of Tamil Nadu. - There is a travel limit of 30-kilometers.,- Free bus travel in Tamil Nadu government buses. - No Need to Pay any Fare up to 30 Kilometers.,Any one of the below-mentioned documents will be shown by Women Beneficiary to the Bus Conductor at the time of traveling to avail of the benefit of the Tamil Nadu Zero Ticket Bus Travel Scheme for Women:- Aadhar Card. Voter Identity Card. School Identity Card. College Identity Card. Employee Identity Card. Or Any Other Photographed Identity Card.,[Offline] No formal application is needed. Women simply board the bus and request a zero-value ticket from the conductor.,,https://spc.tn.gov.in/IPT_studies/ZTBTphase2.pdf,https://www.myscheme.gov.in/schemes/tnztbtsfw
